trade_date,ts_code,name,open,high,low,close,pre_close,change,pct_chg,vol,amount,turnover_rate
2023-07-12,002594.SZ,比亚迪,270.5,271.15,264.66,265.61,269.33,-3.72,-1.38,87032.0,2328017075.51,0.75
2023-07-13,002594.SZ,比亚迪,267.5,269.5,265.01,267.83,265.61,2.22,0.835812,82753.0,2213414441.05,0.71
2023-07-14,002594.SZ,比亚迪,267.8,267.8,263.5,264.41,267.83,-3.42,-1.276929,102722.0,2718639360.54,0.88
2023-07-17,002594.SZ,比亚迪,267.0,267.0,262.35,264.49,264.41,0.08,0.030256,78927.0,2086663750.62,0.68
2023-07-18,002594.SZ,比亚迪,265.25,267.57,260.5,265.48,264.49,0.99,0.374305,98456.0,2603934532.06,0.85
2023-07-19,002594.SZ,比亚迪,265.49,265.9,262.74,264.83,265.48,-0.65,-0.24484,50250.0,1328126186.9,0.43
2023-07-20,002594.SZ,比亚迪,265.5,269.5,264.0,264.95,264.83,0.12,0.045312,91271.0,2434017185.02,0.78
2023-07-21,002594.SZ,比亚迪,264.0,264.8,261.55,264.32,264.95,-0.63,-0.237781,75287.0,1979318622.2,0.65
2023-07-24,002594.SZ,比亚迪,261.01,262.77,257.49,257.5,264.32,-6.82,-2.580206,95950.0,2491708305.58,0.82
2023-07-25,002594.SZ,比亚迪,262.68,266.99,262.65,264.59,257.5,7.09,2.753398,173883.0,4604657751.54,1.49
2023-07-26,002594.SZ,比亚迪,263.76,263.76,260.6,262.09,264.59,-2.5,-0.944858,65865.0,1723363551.36,0.57
2023-07-27,002594.SZ,比亚迪,264.5,265.77,260.8,261.63,262.09,-0.46,-0.175512,112651.0,2962230531.88,0.97
2023-07-28,002594.SZ,比亚迪,260.0,267.65,258.22,267.0,261.63,5.37,2.052517,173308.0,4584230665.56,1.49
2023-07-31,002594.SZ,比亚迪,270.0,276.58,269.88,272.0,267.0,5.0,1.872659,215060.0,5874722582.93,1.85
2023-08-01,002594.SZ,比亚迪,271.76,272.76,266.5,268.5,272.0,-3.5,-1.286765,120340.0,3239067594.49,1.03
2023-08-02,002594.SZ,比亚迪,270.7,272.0,266.36,268.0,268.5,-0.5,-0.18622,87394.0,2346829431.29,0.75
2023-08-03,002594.SZ,比亚迪,267.28,268.48,265.51,268.23,268.0,0.23,0.085821,66170.0,1766952896.19,0.57
2023-08-04,002594.SZ,比亚迪,268.99,270.07,266.65,268.3,268.23,0.07,0.026097,88053.0,2358257628.14,0.76
2023-08-07,002594.SZ,比亚迪,267.93,267.93,265.19,266.99,268.3,-1.31,-0.488259,64204.0,1710317723.01,0.55
2023-08-08,002594.SZ,比亚迪,265.2,266.5,262.51,263.3,266.99,-3.69,-1.382074,91712.0,2419517104.52,0.79
2023-08-09,002594.SZ,比亚迪,262.0,263.5,260.23,262.9,263.3,-0.4,-0.151918,72499.0,1897124687.56,0.62
2023-08-10,002594.SZ,比亚迪,263.0,264.87,260.74,262.7,262.9,-0.2,-0.076075,60016.0,1575799641.46,0.52
2023-08-11,002594.SZ,比亚迪,262.69,262.7,259.01,259.25,262.7,-3.45,-1.313285,86125.0,2242256361.19,0.74
2023-08-14,002594.SZ,比亚迪,255.0,256.99,243.49,245.82,259.25,-13.43,-5.180328,252890.0,6237439722.0,2.17
2023-08-15,002594.SZ,比亚迪,245.82,246.13,241.9,244.54,245.82,-1.28,-0.520706,115021.0,2804377792.91,0.99
2023-08-16,002594.SZ,比亚迪,243.28,245.5,242.21,244.2,244.54,-0.34,-0.139037,79979.0,1953463841.64,0.69
2023-08-17,002594.SZ,比亚迪,243.37,246.34,240.4,246.01,244.2,1.81,0.741196,86836.0,2118628433.05,0.75
2023-08-18,002594.SZ,比亚迪,245.56,245.56,240.0,240.29,246.01,-5.72,-2.325109,98467.0,2385483842.91,0.85
2023-08-21,002594.SZ,比亚迪,239.8,239.88,234.05,234.41,240.29,-5.88,-2.447043,127879.0,3022536162.14,1.1
2023-08-22,002594.SZ,比亚迪,237.97,238.5,230.9,234.54,234.41,0.13,0.055458,112116.0,2620973083.49,0.96
2023-08-23,002594.SZ,比亚迪,234.54,234.54,230.03,230.09,234.54,-4.45,-1.897331,81238.0,1882331986.32,0.7
2023-08-24,002594.SZ,比亚迪,231.01,237.0,231.01,234.9,230.09,4.81,2.090486,106811.0,2501734160.95,0.92
2023-08-25,002594.SZ,比亚迪,233.28,234.33,231.5,232.6,234.9,-2.3,-0.97914,66775.0,1554437026.78,0.57
2023-08-28,002594.SZ,比亚迪,248.0,248.0,234.25,235.53,232.6,2.93,1.259673,133527.0,3189524811.18,1.15
2023-08-29,002594.SZ,比亚迪,236.81,247.5,236.81,246.71,235.53,11.18,4.746741,213223.0,5201525920.49,1.83
2023-08-30,002594.SZ,比亚迪,249.33,251.47,247.84,249.8,246.71,3.09,1.252483,152187.0,3798606951.32,1.31
2023-08-31,002594.SZ,比亚迪,250.51,250.99,248.0,249.4,249.8,-0.4,-0.160128,88734.0,2214559038.93,0.76
2023-09-01,002594.SZ,比亚迪,253.0,254.47,248.0,249.12,249.4,-0.28,-0.112269,77772.0,1949444068.95,0.67
2023-09-04,002594.SZ,比亚迪,251.6,253.0,248.88,252.45,249.12,3.33,1.336705,96512.0,2427791468.68,0.83
2023-09-05,002594.SZ,比亚迪,252.2,252.2,248.69,249.03,252.45,-3.42,-1.354724,74571.0,1864915960.48,0.64
2023-09-06,002594.SZ,比亚迪,250.0,252.3,249.3,250.45,249.03,1.42,0.570212,65929.0,1653726026.59,0.57
2023-09-07,002594.SZ,比亚迪,250.42,250.42,248.11,248.4,250.45,-2.05,-0.818527,60913.0,1517662851.65,0.52
2023-09-08,002594.SZ,比亚迪,247.01,247.01,242.69,244.05,248.4,-4.35,-1.751208,67634.0,1651599177.69,0.58
2023-09-11,002594.SZ,比亚迪,243.7,248.5,242.2,247.01,244.05,2.96,1.212866,76513.0,1876707032.36,0.66
2023-09-12,002594.SZ,比亚迪,248.7,253.37,247.1,251.99,247.01,4.98,2.016113,119532.0,3004363229.2,1.03
2023-09-13,002594.SZ,比亚迪,252.0,254.28,250.4,251.55,251.99,-0.44,-0.17461,91479.0,2305291959.71,0.79
2023-09-14,002594.SZ,比亚迪,246.8,246.95,242.0,243.63,251.55,-7.92,-3.148479,152580.0,3722930909.04,1.31
2023-09-15,002594.SZ,比亚迪,244.0,246.84,241.51,244.29,243.63,0.66,0.270903,82256.0,2010812283.73,0.71
2023-09-18,002594.SZ,比亚迪,244.5,251.2,244.29,247.38,244.29,3.09,1.26489,96405.0,2395846502.98,0.83
2023-09-19,002594.SZ,比亚迪,246.0,248.28,243.8,247.17,247.38,-0.21,-0.08489,62397.0,1533948926.6,0.54
2023-09-20,002594.SZ,比亚迪,245.0,246.28,244.0,244.0,247.17,-3.17,-1.282518,54497.0,1332673932.91,0.47
2023-09-21,002594.SZ,比亚迪,243.0,243.87,238.55,239.68,244.0,-4.32,-1.770492,92965.0,2232606210.05,0.8
2023-09-22,002594.SZ,比亚迪,239.52,245.66,238.5,245.05,239.68,5.37,2.240487,96764.0,2356419361.2,0.83
2023-09-25,002594.SZ,比亚迪,246.83,246.98,244.35,245.8,245.05,0.75,0.30606,64787.0,1592828380.15,0.56
2023-09-26,002594.SZ,比亚迪,245.0,245.0,238.3,238.5,245.8,-7.3,-2.969894,118463.0,2846103699.66,1.02
2023-09-27,002594.SZ,比亚迪,239.11,242.22,237.79,237.83,238.5,-0.67,-0.280922,75734.0,1808518865.65,0.65
2023-09-28,002594.SZ,比亚迪,238.8,239.5,236.05,236.7,237.83,-1.13,-0.475129,85258.0,2022931183.51,0.73
2023-10-09,002594.SZ,比亚迪,236.7,238.51,229.66,237.97,236.7,1.27,0.536544,91791.0,2162900146.9,0.79
2023-10-10,002594.SZ,比亚迪,237.96,240.02,237.0,237.91,237.97,-0.06,-0.025213,63937.0,1524841110.79,0.55
2023-10-11,002594.SZ,比亚迪,241.96,242.5,238.0,238.59,237.91,0.68,0.285822,76684.0,1838352973.98,0.66
2023-10-12,002594.SZ,比亚迪,240.4,245.5,239.0,244.45,238.59,5.86,2.456096,139341.0,3391600251.18,1.2
2023-10-13,002594.SZ,比亚迪,241.9,242.77,239.8,240.36,244.45,-4.09,-1.673144,66445.0,1598611951.89,0.57
2023-10-16,002594.SZ,比亚迪,240.4,241.08,236.5,237.51,240.36,-2.85,-1.185721,66022.0,1573224653.24,0.57
2023-10-17,002594.SZ,比亚迪,237.52,239.99,236.5,238.0,237.51,0.49,0.206307,49164.0,1169236111.59,0.42
2023-10-18,002594.SZ,比亚迪,245.6,251.0,244.0,249.07,238.0,11.07,4.651261,307863.0,7646061770.59,2.64
2023-10-19,002594.SZ,比亚迪,246.95,247.97,240.34,240.6,249.07,-8.47,-3.40065,147753.0,3595894522.39,1.27
2023-10-20,002594.SZ,比亚迪,240.0,241.8,238.21,239.2,240.6,-1.4,-0.581879,85659.0,2050294970.85,0.74
2023-10-23,002594.SZ,比亚迪,240.0,240.0,236.2,238.65,239.2,-0.55,-0.229933,73537.0,1747793907.15,0.63
2023-10-24,002594.SZ,比亚迪,239.3,240.5,234.67,235.55,238.65,-3.1,-1.298973,110779.0,2614866693.57,0.95
2023-10-25,002594.SZ,比亚迪,237.97,240.01,236.22,237.4,235.55,1.85,0.785396,83676.0,1993861827.76,0.72
2023-10-26,002594.SZ,比亚迪,236.06,238.8,235.7,238.61,237.4,1.21,0.509688,73199.0,1738279509.52,0.63
2023-10-27,002594.SZ,比亚迪,238.0,243.5,237.52,241.95,238.61,3.34,1.399774,103206.0,2490630304.57,0.89
2023-10-30,002594.SZ,比亚迪,239.51,244.99,238.7,244.6,241.95,2.65,1.095268,117295.0,2849732929.01,1.01
2023-10-31,002594.SZ,比亚迪,243.5,243.99,237.5,238.54,244.6,-6.06,-2.477514,127205.0,3044814889.04,1.09
2023-11-01,002594.SZ,比亚迪,238.0,238.0,235.42,236.2,238.54,-2.34,-0.980968,93390.0,2206820550.57,0.8
2023-11-02,002594.SZ,比亚迪,237.86,237.88,234.8,234.8,236.2,-1.4,-0.592718,85414.0,2015702321.15,0.73
2023-11-03,002594.SZ,比亚迪,235.51,239.15,234.88,238.65,234.8,3.85,1.639693,90679.0,2154652391.25,0.78
2023-11-06,002594.SZ,比亚迪,240.51,243.43,240.0,242.9,238.65,4.25,1.780851,143548.0,3472633480.41,1.23
2023-11-07,002594.SZ,比亚迪,243.0,244.3,240.51,240.97,242.9,-1.93,-0.794566,94513.0,2287202177.21,0.81
2023-11-08,002594.SZ,比亚迪,240.36,240.86,239.18,240.0,240.97,-0.97,-0.40254,80128.0,1921682141.44,0.69
2023-11-09,002594.SZ,比亚迪,240.0,240.75,238.34,239.3,240.0,-0.7,-0.291667,73183.0,1750698708.03,0.63
2023-11-10,002594.SZ,比亚迪,239.0,239.0,235.66,236.96,239.3,-2.34,-0.977852,81902.0,1940054002.55,0.7
2023-11-13,002594.SZ,比亚迪,237.88,238.18,235.1,237.12,236.96,0.16,0.067522,69738.0,1649215950.55,0.6
2023-11-14,002594.SZ,比亚迪,237.3,238.2,236.6,237.63,237.12,0.51,0.215081,55217.0,1310694854.05,0.47
2023-11-15,002594.SZ,比亚迪,239.9,240.0,238.3,238.64,237.63,1.01,0.425031,78692.0,1881360640.9,0.68
2023-11-16,002594.SZ,比亚迪,239.8,239.8,237.22,238.3,238.64,-0.34,-0.142474,61690.0,1471253077.4,0.53
2023-11-17,002594.SZ,比亚迪,237.0,238.59,236.0,236.76,238.3,-1.54,-0.646244,59462.0,1408060177.59,0.51
2023-11-20,002594.SZ,比亚迪,235.8,236.5,234.58,235.0,236.76,-1.76,-0.743369,76771.0,1804923944.25,0.66
2023-11-21,002594.SZ,比亚迪,235.69,236.68,233.66,234.2,235.0,-0.8,-0.340426,82386.0,1937039109.31,0.71
2023-11-22,002594.SZ,比亚迪,233.5,233.5,229.88,230.0,234.2,-4.2,-1.793339,105571.0,2440478826.77,0.91
2023-11-23,002594.SZ,比亚迪,230.5,231.28,227.12,228.83,230.0,-1.17,-0.508696,105764.0,2425947586.33,0.91
2023-11-24,002594.SZ,比亚迪,228.8,228.8,215.4,216.85,228.83,-11.98,-5.235328,280659.0,6162803841.07,2.41
2023-11-27,002594.SZ,比亚迪,212.0,212.0,205.0,208.9,216.85,-7.95,-3.666129,215481.0,4487132026.79,1.85
2023-11-28,002594.SZ,比亚迪,208.92,211.77,207.01,209.91,208.9,1.01,0.483485,122211.0,2562912238.29,1.05
2023-11-29,002594.SZ,比亚迪,209.88,209.9,201.39,201.98,209.91,-7.93,-3.77781,219246.0,4464902232.03,1.88
2023-11-30,002594.SZ,比亚迪,201.6,202.73,198.45,199.15,201.98,-2.83,-1.401129,187242.0,3745049005.82,1.61
2023-12-01,002594.SZ,比亚迪,200.48,200.82,192.81,197.05,199.15,-2.1,-1.054482,194190.0,3799477664.21,1.67
2023-12-04,002594.SZ,比亚迪,197.05,199.29,193.6,196.39,197.05,-0.66,-0.33494,117613.0,2317283540.3,1.01
2023-12-05,002594.SZ,比亚迪,197.0,199.96,195.61,196.34,196.39,-0.05,-0.02546,152372.0,3021632365.0,1.31
2023-12-06,002594.SZ,比亚迪,196.35,201.24,196.0,201.19,196.34,4.85,2.470205,176347.0,3523669817.72,1.51
2023-12-07,002594.SZ,比亚迪,201.19,201.2,197.3,199.45,201.19,-1.74,-0.864854,103169.0,2051259486.34,0.89
2023-12-08,002594.SZ,比亚迪,199.03,200.36,198.32,198.55,199.45,-0.9,-0.451241,77700.0,1547061882.45,0.67
2023-12-11,002594.SZ,比亚迪,196.75,199.58,194.64,199.19,198.55,0.64,0.322337,101086.0,1989856427.67,0.87
2023-12-12,002594.SZ,比亚迪,198.18,198.73,196.12,196.33,199.19,-2.86,-1.435815,79797.0,1572793711.16,0.69
2023-12-13,002594.SZ,比亚迪,195.82,195.82,191.72,191.8,196.33,-4.53,-2.30734,117535.0,2270646820.88,1.01
2023-12-14,002594.SZ,比亚迪,193.0,196.18,191.11,191.18,191.8,-0.62,-0.323253,92497.0,1787086925.23,0.79
2023-12-15,002594.SZ,比亚迪,193.08,194.39,191.08,193.28,191.18,2.1,1.098441,101841.0,1966549057.21,0.87
2023-12-18,002594.SZ,比亚迪,191.06,192.5,188.31,189.06,193.28,-4.22,-2.183361,100511.0,1906643035.57,0.86
2023-12-19,002594.SZ,比亚迪,188.53,188.68,186.16,188.0,189.06,-1.06,-0.560669,79370.0,1487629708.83,0.68
2023-12-20,002594.SZ,比亚迪,188.33,189.33,184.87,184.88,188.0,-3.12,-1.659574,84925.0,1585187696.77,0.73
2023-12-21,002594.SZ,比亚迪,183.33,189.98,182.85,189.68,184.88,4.8,2.596279,133149.0,2494208947.45,1.14
2023-12-22,002594.SZ,比亚迪,189.9,195.38,188.04,192.25,189.68,2.57,1.354914,117998.0,2267509852.29,1.01
2023-12-25,002594.SZ,比亚迪,193.0,194.2,190.21,192.18,192.25,-0.07,-0.036411,53770.0,1032287275.25,0.46
2023-12-26,002594.SZ,比亚迪,192.16,192.16,190.0,191.75,192.18,-0.43,-0.223749,41380.0,790091023.1,0.36
2023-12-27,002594.SZ,比亚迪,193.0,193.5,190.7,191.45,191.75,-0.3,-0.156454,61364.0,1174486108.27,0.53
2023-12-28,002594.SZ,比亚迪,191.03,198.66,190.66,198.05,191.45,6.6,3.447375,138778.0,2722971139.94,1.19
2023-12-29,002594.SZ,比亚迪,198.97,199.8,197.15,198.0,198.05,-0.05,-0.025246,80367.0,1591969845.9,0.69
2024-01-02,002594.SZ,比亚迪,199.61,199.62,192.37,192.6,198.0,-5.4,-2.727273,113928.0,2212162400.36,0.98
2024-01-03,002594.SZ,比亚迪,192.5,193.87,190.7,193.17,192.6,0.57,0.29595,84486.0,1624093056.05,0.73
2024-01-04,002594.SZ,比亚迪,194.34,194.65,191.1,193.02,193.17,-0.15,-0.077652,89870.0,1731882120.2,0.77
2024-01-05,002594.SZ,比亚迪,192.47,197.5,191.13,192.68,193.02,-0.34,-0.176148,112402.0,2187835615.06,0.97
2024-01-08,002594.SZ,比亚迪,192.8,193.66,189.15,189.4,192.68,-3.28,-1.702304,81078.0,1543893918.74,0.7
2024-01-09,002594.SZ,比亚迪,191.0,196.0,190.2,192.86,189.4,3.46,1.826822,112187.0,2167747851.79,0.96
2024-01-10,002594.SZ,比亚迪,191.7,193.3,189.6,190.29,192.86,-2.57,-1.332573,71416.0,1364589161.69,0.61
2024-01-11,002594.SZ,比亚迪,190.2,198.7,188.81,196.78,190.29,6.49,3.410584,159862.0,3120354835.76,1.37
2024-01-12,002594.SZ,比亚迪,196.78,198.25,195.29,195.87,196.78,-0.91,-0.462445,87023.0,1711086655.61,0.75
2024-01-15,002594.SZ,比亚迪,194.72,197.0,192.42,194.61,195.87,-1.26,-0.643284,70220.0,1364639692.18,0.6
2024-01-16,002594.SZ,比亚迪,193.9,196.55,193.07,195.3,194.61,0.69,0.354555,83809.0,1633959522.52,0.72
2024-01-17,002594.SZ,比亚迪,194.2,194.55,186.8,186.8,195.3,-8.5,-4.352279,160795.0,3050944390.44,1.38
2024-01-18,002594.SZ,比亚迪,185.65,191.0,184.91,190.48,186.8,3.68,1.970021,114592.0,2150839668.13,0.98
2024-01-19,002594.SZ,比亚迪,189.49,192.96,188.7,189.34,190.48,-1.14,-0.598488,80905.0,1540978198.75,0.69
2024-01-22,002594.SZ,比亚迪,188.87,191.3,184.56,185.34,189.34,-4.0,-2.112602,132240.0,2487370788.56,1.14
2024-01-23,002594.SZ,比亚迪,185.0,188.96,184.3,187.85,185.34,2.51,1.354268,110726.0,2072060503.59,0.95
2024-01-24,002594.SZ,比亚迪,189.28,189.85,184.08,188.7,187.85,0.85,0.452489,96641.0,1805379382.4,0.83
2024-01-25,002594.SZ,比亚迪,188.88,190.9,185.66,189.9,188.7,1.2,0.63593,130769.0,2470818453.07,1.12
2024-01-26,002594.SZ,比亚迪,189.0,189.0,185.5,185.86,189.9,-4.04,-2.127435,115855.0,2160578276.22,1.0
2024-01-29,002594.SZ,比亚迪,185.9,186.0,178.31,178.44,185.86,-7.42,-3.992252,146043.0,2647388165.71,1.25
2024-01-30,002594.SZ,比亚迪,173.08,175.48,170.3,171.97,178.44,-6.47,-3.625869,190761.0,3296016841.46,1.64
2024-01-31,002594.SZ,比亚迪,171.09,175.28,170.32,170.73,171.97,-1.24,-0.721056,125368.0,2155163736.0,1.08
2024-02-01,002594.SZ,比亚迪,170.0,173.0,168.36,170.89,170.73,0.16,0.093715,116651.0,1996429636.62,1.0
2024-02-02,002594.SZ,比亚迪,170.96,171.88,163.01,167.0,170.89,-3.89,-2.276318,147992.0,2485326236.05,1.27
2024-02-05,002594.SZ,比亚迪,165.0,171.78,162.77,168.0,167.0,1.0,0.598802,186216.0,3122618402.6,1.6
2024-02-06,002594.SZ,比亚迪,166.0,176.11,165.5,175.87,168.0,7.87,4.684524,176190.0,3054635572.85,1.51
2024-02-07,002594.SZ,比亚迪,177.25,183.0,176.1,179.56,175.87,3.69,2.098141,160094.0,2880398921.91,1.38
2024-02-08,002594.SZ,比亚迪,181.49,183.35,180.7,181.17,179.56,1.61,0.896636,119246.0,2168509150.22,1.02
2024-02-19,002594.SZ,比亚迪,183.88,185.35,181.84,183.5,181.17,2.33,1.286085,119687.0,2192419553.49,1.03
2024-02-20,002594.SZ,比亚迪,183.5,183.68,177.0,179.02,183.5,-4.48,-2.441417,113357.0,2023820071.64,0.97
2024-02-21,002594.SZ,比亚迪,177.1,185.6,176.66,183.0,179.02,3.98,2.223215,147693.0,2700340930.5,1.27
2024-02-22,002594.SZ,比亚迪,182.9,183.64,181.26,182.99,183.0,-0.01,-0.005464,80906.0,1476863326.44,0.69
2024-02-23,002594.SZ,比亚迪,182.99,183.99,180.83,182.68,182.99,-0.31,-0.169408,91175.0,1660682308.43,0.78
2024-02-26,002594.SZ,比亚迪,186.0,190.13,185.55,186.0,182.68,3.32,1.817386,155461.0,2912982360.47,1.34
2024-02-27,002594.SZ,比亚迪,187.45,193.93,187.2,193.7,186.0,7.7,4.139785,206343.0,3958101886.88,1.77
2024-02-28,002594.SZ,比亚迪,196.0,196.52,188.0,188.0,193.7,-5.7,-2.942695,168292.0,3223632042.64,1.45
2024-02-29,002594.SZ,比亚迪,187.01,191.61,186.19,191.2,188.0,3.2,1.702128,122363.0,2323915656.97,1.05
2024-03-01,002594.SZ,比亚迪,190.9,192.98,188.77,192.18,191.2,0.98,0.512552,122158.0,2336111333.57,1.05
2024-03-04,002594.SZ,比亚迪,190.0,191.7,188.1,189.27,192.18,-2.91,-1.514205,126865.0,2401200046.06,1.09
2024-03-05,002594.SZ,比亚迪,187.5,191.65,185.5,190.82,189.27,1.55,0.818936,149624.0,2826124074.26,1.29
2024-03-06,002594.SZ,比亚迪,190.0,192.98,189.0,191.65,190.82,0.83,0.434965,100100.0,1914828108.58,0.86
2024-03-07,002594.SZ,比亚迪,192.06,193.96,188.8,188.89,191.65,-2.76,-1.440125,101327.0,1935953171.65,0.87
2024-03-08,002594.SZ,比亚迪,188.3,190.15,187.25,188.09,188.89,-0.8,-0.423527,67150.0,1263993368.05,0.58
2024-03-11,002594.SZ,比亚迪,188.0,199.9,188.0,198.74,188.09,10.65,5.662183,278080.0,5440726382.81,2.39
2024-03-12,002594.SZ,比亚迪,201.0,206.66,197.77,205.1,198.74,6.36,3.200161,245029.0,4958824423.44,2.1
2024-03-13,002594.SZ,比亚迪,206.92,210.4,205.83,206.36,205.1,1.26,0.614334,177813.0,3691839468.95,1.53
2024-03-14,002594.SZ,比亚迪,208.42,215.36,208.42,212.08,206.36,5.72,2.771855,211352.0,4497086169.98,1.82
2024-03-15,002594.SZ,比亚迪,210.0,211.38,206.18,209.47,212.08,-2.61,-1.230668,146628.0,3057950743.5,1.26
2024-03-18,002594.SZ,比亚迪,211.85,218.25,211.61,218.03,209.47,8.56,4.086504,196982.0,4250885883.53,1.69
2024-03-19,002594.SZ,比亚迪,218.03,219.85,214.39,216.8,218.03,-1.23,-0.564143,146973.0,3194716172.75,1.26
2024-03-20,002594.SZ,比亚迪,217.01,220.78,217.01,218.48,216.8,1.68,0.774908,96805.0,2118610339.15,0.83
2024-03-21,002594.SZ,比亚迪,218.92,219.8,217.0,218.95,218.48,0.47,0.215123,88667.0,1938901107.67,0.76
2024-03-22,002594.SZ,比亚迪,218.95,218.97,215.2,216.95,218.95,-2.0,-0.913451,104672.0,2266796544.33,0.9
2024-03-25,002594.SZ,比亚迪,216.37,217.79,212.85,214.2,216.95,-2.75,-1.267573,99109.0,2133902461.97,0.85
2024-03-26,002594.SZ,比亚迪,216.0,219.99,215.27,219.6,214.2,5.4,2.521008,131346.0,2864082716.93,1.13
2024-03-27,002594.SZ,比亚迪,219.61,219.7,210.01,211.98,219.6,-7.62,-3.469945,188849.0,4058093219.72,1.62
2024-03-28,002594.SZ,比亚迪,209.85,211.84,206.01,208.38,211.98,-3.6,-1.698273,159435.0,3327175192.21,1.37
2024-03-29,002594.SZ,比亚迪,208.43,208.52,201.17,203.06,208.38,-5.32,-2.553028,141381.0,2873380485.75,1.21
2024-04-01,002594.SZ,比亚迪,203.06,212.98,203.06,212.01,203.06,8.95,4.407564,142909.0,2995671850.58,1.23
2024-04-02,002594.SZ,比亚迪,212.01,217.3,211.8,212.34,212.01,0.33,0.155653,107585.0,2301699125.87,0.92
2024-04-03,002594.SZ,比亚迪,210.5,211.11,207.55,208.16,212.34,-4.18,-1.968541,83634.0,1747159207.03,0.72
2024-04-08,002594.SZ,比亚迪,207.0,215.0,206.39,212.0,208.16,3.84,1.844735,128227.0,2722271577.79,1.1
2024-04-09,002594.SZ,比亚迪,211.75,214.99,211.35,212.08,212.0,0.08,0.037736,84208.0,1791256312.56,0.72
2024-04-10,002594.SZ,比亚迪,214.3,214.5,210.0,211.84,212.08,-0.24,-0.113165,72411.0,1537375543.48,0.62
2024-04-11,002594.SZ,比亚迪,209.0,215.44,207.8,212.98,211.84,1.14,0.538142,100854.0,2130444827.97,0.87
2024-04-12,002594.SZ,比亚迪,212.0,217.19,209.54,210.6,212.98,-2.38,-1.117476,114918.0,2453371047.11,0.99
2024-04-15,002594.SZ,比亚迪,210.0,215.5,209.09,213.62,210.6,3.02,1.433998,113332.0,2418635356.92,0.97
2024-04-16,002594.SZ,比亚迪,212.4,215.35,210.71,211.63,213.62,-1.99,-0.931561,98323.0,2090984650.23,0.84
2024-04-17,002594.SZ,比亚迪,211.0,213.18,209.6,213.0,211.63,1.37,0.647356,96922.0,2046775944.73,0.83
2024-04-18,002594.SZ,比亚迪,212.0,216.5,209.4,213.6,213.0,0.6,0.28169,133998.0,2863779538.22,1.15
2024-04-19,002594.SZ,比亚迪,212.19,212.87,207.06,210.13,213.6,-3.47,-1.624532,111770.0,2342512356.49,0.96
2024-04-22,002594.SZ,比亚迪,210.0,211.53,208.1,208.56,210.13,-1.57,-0.747157,64695.0,1353615963.08,0.56
2024-04-23,002594.SZ,比亚迪,208.55,208.56,203.99,205.04,208.56,-3.52,-1.687764,87300.0,1793533842.51,0.75
2024-04-24,002594.SZ,比亚迪,206.89,208.8,204.5,207.42,205.04,2.38,1.160749,74979.0,1546983915.54,0.64
2024-04-25,002594.SZ,比亚迪,207.4,211.51,206.62,208.94,207.42,1.52,0.732813,94684.0,1980120669.24,0.81
2024-04-26,002594.SZ,比亚迪,210.0,219.76,210.0,219.37,208.94,10.43,4.991864,253454.0,5502292294.48,2.18
2024-04-29,002594.SZ,比亚迪,221.08,225.4,218.73,221.38,219.37,2.01,0.91626,191676.0,4256800047.75,1.65
2024-04-30,002594.SZ,比亚迪,223.5,224.38,218.5,218.5,221.38,-2.88,-1.300931,115560.0,2542063035.11,0.99
2024-05-06,002594.SZ,比亚迪,225.0,228.39,223.5,226.3,218.5,7.8,3.569794,186779.0,4226418539.22,1.6
2024-05-07,002594.SZ,比亚迪,226.3,231.99,224.04,229.88,226.3,3.58,1.581971,144190.0,3301364339.72,1.24
2024-05-08,002594.SZ,比亚迪,228.54,228.88,226.0,226.23,229.88,-3.65,-1.587785,91132.0,2070673827.4,0.78
2024-05-09,002594.SZ,比亚迪,226.3,228.4,226.15,228.15,226.23,1.92,0.848694,79007.0,1796491172.59,0.68
2024-05-10,002594.SZ,比亚迪,227.0,229.52,226.0,227.8,228.15,-0.35,-0.153408,80613.0,1833828035.67,0.69
2024-05-13,002594.SZ,比亚迪,225.2,227.36,222.58,225.7,227.8,-2.1,-0.921861,82481.0,1857506899.26,0.71
2024-05-14,002594.SZ,比亚迪,225.71,227.57,224.11,224.91,225.7,-0.79,-0.350022,62619.0,1414943425.01,0.54
2024-05-15,002594.SZ,比亚迪,224.5,226.0,218.3,219.14,224.91,-5.77,-2.565471,99734.0,2204936672.77,0.86
2024-05-16,002594.SZ,比亚迪,219.15,219.96,216.61,218.31,219.14,-0.83,-0.378753,87157.0,1901165661.74,0.75
2024-05-17,002594.SZ,比亚迪,219.39,220.33,217.66,219.59,218.31,1.28,0.586322,71487.0,1564639157.87,0.61
2024-05-20,002594.SZ,比亚迪,218.48,224.0,218.48,222.87,219.59,3.28,1.493693,75959.0,1688534368.27,0.65
2024-05-21,002594.SZ,比亚迪,221.98,221.99,217.42,218.78,222.87,-4.09,-1.835151,84080.0,1838619340.95,0.72
2024-05-22,002594.SZ,比亚迪,218.19,219.5,215.16,216.92,218.78,-1.86,-0.850169,88398.0,1916325810.23,0.76
2024-05-23,002594.SZ,比亚迪,215.85,215.85,213.51,214.95,216.92,-1.97,-0.908169,62287.0,1336506236.87,0.54
2024-05-24,002594.SZ,比亚迪,213.98,214.0,208.8,209.3,214.95,-5.65,-2.628518,102876.0,2166851356.35,0.88
2024-05-27,002594.SZ,比亚迪,210.0,210.8,206.6,208.35,209.3,-0.95,-0.453894,76046.0,1580461907.49,0.65
2024-05-28,002594.SZ,比亚迪,208.8,208.91,206.58,207.38,208.35,-0.97,-0.465563,60946.0,1265112510.56,0.52
2024-05-29,002594.SZ,比亚迪,211.0,226.0,210.99,224.7,207.38,17.32,8.351818,302648.0,6633165250.97,2.6
2024-05-30,002594.SZ,比亚迪,224.42,229.38,223.9,227.86,224.7,3.16,1.40632,223792.0,5070762670.7,1.93
2024-05-31,002594.SZ,比亚迪,228.8,231.6,226.99,229.02,227.86,1.16,0.509085,185430.0,4264400521.58,1.6
2024-06-03,002594.SZ,比亚迪,229.01,240.48,225.99,237.1,229.02,8.08,3.528076,270146.0,6370453739.0,2.32
2024-06-04,002594.SZ,比亚迪,236.9,239.8,235.95,238.15,237.1,1.05,0.442851,157429.0,3744672009.99,1.35
2024-06-05,002594.SZ,比亚迪,238.48,246.3,238.48,240.79,238.15,2.64,1.108545,194434.0,4732184009.34,1.67
2024-06-06,002594.SZ,比亚迪,241.2,243.8,237.5,238.5,240.79,-2.29,-0.951036,175865.0,4227834836.23,1.51
2024-06-07,002594.SZ,比亚迪,239.03,241.39,232.13,235.5,238.5,-3.0,-1.257862,182594.0,4304211408.71,1.57
2024-06-11,002594.SZ,比亚迪,234.63,246.0,234.33,244.63,235.5,9.13,3.876858,221597.0,5386278075.64,1.91
2024-06-12,002594.SZ,比亚迪,241.63,247.55,241.63,242.9,244.63,-1.73,-0.70719,187332.0,4573251956.69,1.61
2024-06-13,002594.SZ,比亚迪,248.8,258.28,248.11,252.99,242.9,10.09,4.153973,292519.0,7423395269.91,2.52
2024-06-14,002594.SZ,比亚迪,251.48,253.93,246.53,253.05,252.99,0.06,0.023716,202610.0,5066109116.72,1.74
2024-06-17,002594.SZ,比亚迪,252.0,259.87,250.87,257.21,253.05,4.16,1.643944,208649.0,5371512599.82,1.79
2024-06-18,002594.SZ,比亚迪,255.6,257.3,253.0,255.64,257.21,-1.57,-0.610396,128789.0,3282495366.5,1.11
2024-06-19,002594.SZ,比亚迪,256.0,258.0,253.41,254.0,255.64,-1.64,-0.641527,99108.0,2529117363.53,0.85
2024-06-20,002594.SZ,比亚迪,252.88,253.77,249.3,251.5,254.0,-2.5,-0.984252,116200.0,2921098947.88,1.0
2024-06-21,002594.SZ,比亚迪,251.99,254.37,247.81,250.67,251.5,-0.83,-0.33002,116330.0,2916085593.76,1.0
2024-06-24,002594.SZ,比亚迪,250.0,253.98,247.78,249.94,250.67,-0.73,-0.29122,108423.0,2719528810.03,0.93
2024-06-25,002594.SZ,比亚迪,252.0,258.74,250.36,254.01,249.94,4.07,1.628391,195746.0,4998561939.22,1.68
2024-06-26,002594.SZ,比亚迪,252.0,254.3,249.38,252.72,254.01,-1.29,-0.507854,111917.0,2814435213.53,0.96
2024-06-27,002594.SZ,比亚迪,251.02,252.36,248.42,249.5,252.72,-3.22,-1.274137,82911.0,2074271452.09,0.71
2024-06-28,002594.SZ,比亚迪,248.0,252.13,246.88,250.25,249.5,0.75,0.300601,92982.0,2324520983.89,0.8
2024-07-01,002594.SZ,比亚迪,250.25,251.85,242.5,246.8,250.25,-3.45,-1.378621,129273.0,3179627870.49,1.11
2024-07-02,002594.SZ,比亚迪,246.87,247.7,243.05,243.97,246.8,-2.83,-1.146677,102627.0,2515326294.99,0.88
2024-07-03,002594.SZ,比亚迪,243.96,245.38,240.0,243.1,243.97,-0.87,-0.356601,96574.0,2340645421.07,0.83
2024-07-04,002594.SZ,比亚迪,245.0,249.69,244.5,244.63,243.1,1.53,0.629371,99196.0,2449191850.83,0.85
2024-07-05,002594.SZ,比亚迪,243.17,244.5,238.88,242.03,244.63,-2.6,-1.06283,95665.0,2308221433.2,0.82
2024-07-08,002594.SZ,比亚迪,241.8,248.22,241.18,244.99,242.03,2.96,1.222989,105375.0,2591239966.71,0.91
2024-07-09,002594.SZ,比亚迪,245.2,253.51,241.51,252.6,244.99,7.61,3.106249,140763.0,3506898661.22,1.21
2024-07-10,002594.SZ,比亚迪,252.49,256.53,251.5,252.5,252.6,-0.1,-0.039588,109283.0,2767913672.44,0.94
2024-07-11,002594.SZ,比亚迪,255.0,256.26,251.68,253.06,252.5,0.56,0.221782,100359.0,2546645361.94,0.86
2024-07-12,002594.SZ,比亚迪,253.52,264.0,251.89,262.62,253.06,9.56,3.77776,188863.0,4891988725.17,1.62
2024-07-15,002594.SZ,比亚迪,262.3,264.8,260.61,261.71,262.62,-0.91,-0.346508,98716.0,2590423501.88,0.85
2024-07-16,002594.SZ,比亚迪,260.61,262.2,256.35,258.99,261.71,-2.72,-1.039318,117588.0,3043326155.82,1.01
2024-07-17,002594.SZ,比亚迪,259.0,261.52,256.62,259.51,258.99,0.52,0.20078,105192.0,2726321475.46,0.9
2024-07-18,002594.SZ,比亚迪,257.9,262.9,257.51,261.43,259.51,1.92,0.739856,95322.0,2487441703.58,0.82
2024-07-19,002594.SZ,比亚迪,260.5,266.0,259.74,264.06,261.43,2.63,1.006005,136214.0,3593320511.78,1.17
2024-07-22,002594.SZ,比亚迪,264.1,270.1,264.1,265.61,264.06,1.55,0.586988,100750.0,2688874276.28,0.87
2024-07-23,002594.SZ,比亚迪,264.99,265.41,253.0,253.23,265.61,-12.38,-4.660969,167410.0,4318283785.42,1.44
2024-07-24,002594.SZ,比亚迪,253.23,255.15,248.49,249.99,253.23,-3.24,-1.279469,118640.0,2976544505.07,1.02
2024-07-25,002594.SZ,比亚迪,249.97,254.54,247.5,250.39,249.99,0.4,0.160006,101104.0,2533958369.11,0.87
2024-07-26,002594.SZ,比亚迪,252.97,257.63,251.15,254.95,250.39,4.56,1.821159,124842.0,3180235006.51,1.07
2024-07-29,002594.SZ,比亚迪,252.93,253.0,246.58,249.1,254.95,-5.85,-2.294568,78859.0,1960649994.07,0.68
2024-07-30,002594.SZ,比亚迪,247.59,247.8,241.62,243.91,249.1,-5.19,-2.083501,110393.0,2686057413.63,0.95
2024-07-31,002594.SZ,比亚迪,242.61,248.02,242.57,247.05,243.91,3.14,1.28736,87490.0,2153504528.39,0.75
2024-08-01,002594.SZ,比亚迪,248.0,248.74,240.0,244.2,247.05,-2.85,-1.153613,103635.0,2519341335.4,0.89
2024-08-02,002594.SZ,比亚迪,241.99,242.26,234.6,234.78,244.2,-9.42,-3.857494,145671.0,3453944602.55,1.25
2024-08-05,002594.SZ,比亚迪,230.84,236.67,230.01,231.18,234.78,-3.6,-1.53335,105268.0,2457359662.24,0.91
2024-08-06,002594.SZ,比亚迪,234.0,234.62,225.98,228.94,231.18,-2.24,-0.968942,129102.0,2955783827.37,1.11
2024-08-07,002594.SZ,比亚迪,229.04,231.0,226.47,228.95,228.94,0.01,0.004368,82022.0,1882919963.49,0.71
2024-08-08,002594.SZ,比亚迪,227.8,227.8,223.5,226.45,228.95,-2.5,-1.091941,85357.0,1925911439.18,0.73
2024-08-09,002594.SZ,比亚迪,228.06,235.88,228.04,231.62,226.45,5.17,2.283065,119852.0,2790790707.01,1.03
2024-08-12,002594.SZ,比亚迪,232.01,233.49,229.5,230.4,231.62,-1.22,-0.526725,53779.0,1242071532.34,0.46
2024-08-13,002594.SZ,比亚迪,230.36,230.39,226.0,228.73,230.4,-1.67,-0.724826,60437.0,1378452593.36,0.52
2024-08-14,002594.SZ,比亚迪,228.6,228.6,225.2,226.6,228.73,-2.13,-0.931229,56330.0,1276584732.1,0.48
2024-08-15,002594.SZ,比亚迪,226.57,232.5,224.88,231.49,226.6,4.89,2.157988,88545.0,2039684342.39,0.76
2024-08-16,002594.SZ,比亚迪,232.11,238.32,230.5,235.11,231.49,3.62,1.563782,102219.0,2406276093.84,0.88
2024-08-19,002594.SZ,比亚迪,235.25,238.98,235.01,235.42,235.11,0.31,0.131853,70182.0,1662452527.07,0.6
2024-08-20,002594.SZ,比亚迪,236.0,237.33,233.43,236.48,235.42,1.06,0.450259,62484.0,1475807675.68,0.54
2024-08-21,002594.SZ,比亚迪,234.66,243.13,232.0,241.0,236.48,4.52,1.911367,111043.0,2658947673.91,0.96
2024-08-22,002594.SZ,比亚迪,241.0,242.77,239.62,240.52,241.0,-0.48,-0.19917,62488.0,1506260848.31,0.54
2024-08-23,002594.SZ,比亚迪,239.8,241.3,238.15,239.34,240.52,-1.18,-0.490604,49786.0,1193437029.74,0.43
2024-08-26,002594.SZ,比亚迪,239.5,243.0,237.71,239.41,239.34,0.07,0.029247,56513.0,1354660288.18,0.49
2024-08-27,002594.SZ,比亚迪,237.51,241.28,236.5,240.8,239.41,1.39,0.580594,50926.0,1219258016.16,0.44
2024-08-28,002594.SZ,比亚迪,240.27,240.28,232.8,236.85,240.8,-3.95,-1.640365,89041.0,2098577189.51,0.77
2024-08-29,002594.SZ,比亚迪,233.33,236.5,231.3,234.85,236.85,-2.0,-0.844416,79385.0,1858678051.41,0.68
2024-08-30,002594.SZ,比亚迪,237.98,251.79,237.26,249.42,234.85,14.57,6.20396,193028.0,4764660206.01,1.66
2024-09-02,002594.SZ,比亚迪,248.02,250.42,241.0,241.1,249.42,-8.32,-3.335739,101135.0,2468600915.45,0.87
2024-09-03,002594.SZ,比亚迪,240.4,247.45,240.4,247.08,241.1,5.98,2.480299,101820.0,2497421913.25,0.88
2024-09-04,002594.SZ,比亚迪,245.5,251.9,245.44,250.32,247.08,3.24,1.311316,100606.0,2506778350.99,0.87
2024-09-05,002594.SZ,比亚迪,250.0,255.6,249.6,252.85,250.32,2.53,1.010706,100126.0,2542189362.96,0.86
2024-09-06,002594.SZ,比亚迪,252.86,255.1,251.42,251.6,252.85,-1.25,-0.494364,78142.0,1982245013.05,0.67
2024-09-09,002594.SZ,比亚迪,249.48,253.96,248.58,249.98,251.6,-1.62,-0.643879,70851.0,1774845243.84,0.61
2024-09-10,002594.SZ,比亚迪,250.0,252.8,248.62,249.65,249.98,-0.33,-0.132011,61248.0,1533462723.87,0.53
2024-09-11,002594.SZ,比亚迪,250.0,260.6,249.44,258.1,249.65,8.45,3.384739,155361.0,4001603969.48,1.34
2024-09-12,002594.SZ,比亚迪,258.7,260.0,257.0,257.01,258.1,-1.09,-0.422317,77251.0,1995755898.51,0.66
2024-09-13,002594.SZ,比亚迪,257.2,258.0,254.85,254.99,257.01,-2.02,-0.785962,56992.0,1458587905.76,0.49
2024-09-18,002594.SZ,比亚迪,255.02,259.33,254.1,258.43,254.99,3.44,1.349073,66820.0,1715595537.64,0.57
2024-09-19,002594.SZ,比亚迪,259.01,259.38,253.3,255.36,258.43,-3.07,-1.187943,91043.0,2326365318.9,0.78
2024-09-20,002594.SZ,比亚迪,255.38,258.8,252.88,256.1,255.36,0.74,0.289787,89898.0,2292829764.93,0.77
2024-09-23,002594.SZ,比亚迪,255.95,256.96,248.79,250.0,256.1,-6.1,-2.381882,107583.0,2712153559.79,0.93
2024-09-24,002594.SZ,比亚迪,253.0,255.5,246.76,254.29,250.0,4.29,1.716,156495.0,3949080823.05,1.35
2024-09-25,002594.SZ,比亚迪,258.0,269.66,257.66,262.8,254.29,8.51,3.346573,205710.0,5442651982.01,1.77
2024-09-26,002594.SZ,比亚迪,264.0,269.7,262.1,269.61,262.8,6.81,2.591324,149066.0,3960197853.87,1.28
2024-09-27,002594.SZ,比亚迪,273.0,291.99,271.5,283.99,269.61,14.38,5.33363,309922.0,8683447958.42,2.67
2024-09-30,002594.SZ,比亚迪,290.0,308.08,290.0,307.31,283.99,23.32,8.211557,388805.0,11640545413.1,3.34
2024-10-08,002594.SZ,比亚迪,338.04,338.04,307.31,327.38,307.31,20.07,6.530865,443439.0,14484952068.34,3.81
2024-10-09,002594.SZ,比亚迪,315.0,320.71,300.5,305.69,327.38,-21.69,-6.625328,325919.0,10166970123.49,2.8
2024-10-10,002594.SZ,比亚迪,310.0,322.0,309.98,315.89,305.69,10.2,3.336714,250167.0,7918647495.83,2.15
2024-10-11,002594.SZ,比亚迪,314.02,314.02,296.01,300.05,315.89,-15.84,-5.014404,186418.0,5671879376.72,1.6
2024-10-14,002594.SZ,比亚迪,300.99,309.98,300.2,307.0,300.05,6.95,2.316281,172365.0,5268100404.73,1.48
2024-10-15,002594.SZ,比亚迪,305.5,308.38,298.0,298.0,307.0,-9.0,-2.931596,122149.0,3695577335.23,1.05
2024-10-16,002594.SZ,比亚迪,293.0,295.98,287.0,289.79,298.0,-8.21,-2.755034,150322.0,4362898826.78,1.29
2024-10-17,002594.SZ,比亚迪,292.51,297.85,289.12,289.42,289.79,-0.37,-0.127679,102457.0,3005198739.74,0.88
2024-10-18,002594.SZ,比亚迪,289.45,306.2,288.08,300.3,289.42,10.88,3.759243,191092.0,5674148204.69,1.64
2024-10-21,002594.SZ,比亚迪,303.0,308.6,300.9,306.45,300.3,6.15,2.047952,157816.0,4819617233.25,1.36
2024-10-22,002594.SZ,比亚迪,305.0,310.12,303.0,304.75,306.45,-1.7,-0.55474,103733.0,3174859558.84,0.89
2024-10-23,002594.SZ,比亚迪,304.75,311.8,302.68,308.88,304.75,4.13,1.355209,126695.0,3911383612.4,1.09
2024-10-24,002594.SZ,比亚迪,308.88,309.97,302.58,303.68,308.88,-5.2,-1.683502,96885.0,2959755260.68,0.83
2024-10-25,002594.SZ,比亚迪,304.0,311.8,304.0,308.14,303.68,4.46,1.468651,139820.0,4306245200.84,1.2
2024-10-28,002594.SZ,比亚迪,309.0,309.0,301.75,305.1,308.14,-3.04,-0.986565,109324.0,3323177977.18,0.94
2024-10-29,002594.SZ,比亚迪,309.0,310.28,303.8,305.4,305.1,0.3,0.098328,118546.0,3635542203.37,1.02
2024-10-30,002594.SZ,比亚迪,303.0,307.51,301.5,305.55,305.4,0.15,0.049116,108448.0,3301164357.47,0.93
2024-10-31,002594.SZ,比亚迪,302.01,302.99,293.0,293.19,305.55,-12.36,-4.045164,240852.0,7127704551.25,2.07
2024-11-01,002594.SZ,比亚迪,293.2,295.6,290.1,290.31,293.19,-2.88,-0.982298,143041.0,4174457395.28,1.23
2024-11-04,002594.SZ,比亚迪,296.0,308.92,295.61,306.98,290.31,16.67,5.742138,217319.0,6600399617.25,1.87
2024-11-05,002594.SZ,比亚迪,304.06,308.44,300.5,307.5,306.98,0.52,0.169392,167820.0,5124245708.8,1.44
2024-11-06,002594.SZ,比亚迪,308.0,309.75,298.0,300.36,307.5,-7.14,-2.321951,184861.0,5611830833.85,1.59
2024-11-07,002594.SZ,比亚迪,295.03,301.88,294.0,301.78,300.36,1.42,0.472766,150676.0,4484370171.83,1.3
2024-11-08,002594.SZ,比亚迪,307.12,307.52,297.0,297.9,301.78,-3.88,-1.285705,166716.0,5022195686.37,1.43
2024-11-11,002594.SZ,比亚迪,295.0,299.47,292.6,299.29,297.9,1.39,0.4666,180859.0,5349190917.28,1.56
2024-11-12,002594.SZ,比亚迪,300.15,310.0,299.31,300.81,299.29,1.52,0.507869,246557.0,7520312653.8,2.12
2024-11-13,002594.SZ,比亚迪,298.0,301.33,295.3,300.57,300.81,-0.24,-0.079785,145116.0,4326957543.62,1.25
2024-11-14,002594.SZ,比亚迪,300.0,300.3,294.0,294.75,300.57,-5.82,-1.936321,124583.0,3690676831.42,1.07
2024-11-15,002594.SZ,比亚迪,294.79,295.79,288.02,290.0,294.75,-4.75,-1.611535,153236.0,4471450174.24,1.32
2024-11-18,002594.SZ,比亚迪,290.01,292.95,286.66,288.68,290.0,-1.32,-0.455172,116206.0,3364288894.42,1.0
2024-11-19,002594.SZ,比亚迪,288.68,291.48,282.02,287.99,288.68,-0.69,-0.239019,131947.0,3785016710.44,1.14
2024-11-20,002594.SZ,比亚迪,288.01,290.4,285.5,288.46,287.99,0.47,0.1632,106017.0,3049973686.34,0.91
2024-11-21,002594.SZ,比亚迪,288.47,288.49,284.0,286.0,288.46,-2.46,-0.852805,95533.0,2727230001.41,0.82
2024-11-22,002594.SZ,比亚迪,285.5,285.86,278.0,278.49,286.0,-7.51,-2.625874,125142.0,3529973028.97,1.08
2024-11-25,002594.SZ,比亚迪,283.0,289.36,280.89,283.0,278.49,4.51,1.619448,174533.0,4981714331.78,1.5
2024-11-26,002594.SZ,比亚迪,280.0,286.0,277.88,281.01,283.0,-1.99,-0.70318,95206.0,2686423189.13,0.82
2024-11-27,002594.SZ,比亚迪,279.28,281.0,277.0,281.0,281.01,-0.01,-0.003559,110003.0,3068303752.07,0.95
2024-11-28,002594.SZ,比亚迪,281.2,281.56,273.0,274.58,281.0,-6.42,-2.284698,158589.0,4365779156.54,1.36
2024-11-29,002594.SZ,比亚迪,273.0,277.88,272.05,274.83,274.58,0.25,0.091048,128005.0,3516186178.74,1.1
2024-12-02,002594.SZ,比亚迪,276.61,284.0,274.08,282.4,274.83,7.57,2.75443,151357.0,4255616768.38,1.3
2024-12-03,002594.SZ,比亚迪,284.8,285.88,280.58,282.65,282.4,0.25,0.088527,91450.0,2585320048.37,0.79
2024-12-04,002594.SZ,比亚迪,281.34,283.33,278.8,279.98,282.65,-2.67,-0.944631,85013.0,2389151937.26,0.73
2024-12-05,002594.SZ,比亚迪,277.19,278.48,274.31,275.26,279.98,-4.72,-1.685835,90268.0,2486214937.29,0.78
2024-12-06,002594.SZ,比亚迪,275.67,281.98,274.01,280.28,275.26,5.02,1.82373,124698.0,3469413044.88,1.07
2024-12-09,002594.SZ,比亚迪,279.23,283.99,277.68,280.49,280.28,0.21,0.074925,92153.0,2590143544.39,0.79
2024-12-10,002594.SZ,比亚迪,293.0,294.0,282.0,282.55,280.49,2.06,0.734429,175929.0,5057037510.83,1.51
2024-12-11,002594.SZ,比亚迪,282.03,283.87,279.4,280.77,282.55,-1.78,-0.629977,93360.0,2623997225.72,0.8
2024-12-12,002594.SZ,比亚迪,280.1,283.68,278.4,283.68,280.77,2.91,1.036436,100134.0,2816818034.74,0.86
2024-12-13,002594.SZ,比亚迪,281.33,281.62,276.42,276.51,283.68,-7.17,-2.527496,112359.0,3130392699.07,0.97
2024-12-16,002594.SZ,比亚迪,276.52,278.18,273.58,274.95,276.51,-1.56,-0.564175,71490.0,1967314539.05,0.61
2024-12-17,002594.SZ,比亚迪,274.92,285.66,273.98,282.8,274.95,7.85,2.855065,175682.0,4960329885.56,1.51
2024-12-18,002594.SZ,比亚迪,283.25,286.88,282.63,284.65,282.8,1.85,0.654173,84106.0,2397657885.43,0.72
2024-12-19,002594.SZ,比亚迪,281.81,286.94,280.0,285.4,284.65,0.75,0.263481,86729.0,2465377213.9,0.75
2024-12-20,002594.SZ,比亚迪,285.01,286.75,280.2,280.2,285.4,-5.2,-1.822004,96707.0,2730666916.66,0.83
2024-12-23,002594.SZ,比亚迪,280.5,283.29,278.88,280.7,280.2,0.5,0.178444,81516.0,2291275853.09,0.7
2024-12-24,002594.SZ,比亚迪,279.89,288.51,279.13,288.42,280.7,7.72,2.750267,142287.0,4072070487.74,1.22
2024-12-25,002594.SZ,比亚迪,288.73,291.36,285.7,285.92,288.42,-2.5,-0.866791,83391.0,2405517152.19,0.72
2024-12-26,002594.SZ,比亚迪,285.92,286.8,284.0,284.86,285.92,-1.06,-0.370733,67605.0,1928774413.55,0.58
2024-12-27,002594.SZ,比亚迪,286.8,287.55,283.0,286.28,284.86,1.42,0.49849,78683.0,2249658028.46,0.68
2024-12-30,002594.SZ,比亚迪,287.2,289.5,283.33,284.99,286.28,-1.29,-0.450608,82947.0,2371257353.79,0.71
2024-12-31,002594.SZ,比亚迪,285.0,286.5,282.0,282.66,284.99,-2.33,-0.817573,77620.0,2201903440.1,0.67
2025-01-02,002594.SZ,比亚迪,283.0,283.08,269.42,271.1,282.66,-11.56,-4.089719,168784.0,4624073917.86,1.45
2025-01-03,002594.SZ,比亚迪,271.5,274.59,268.24,270.73,271.1,-0.37,-0.136481,99365.0,2693072230.19,0.85
2025-01-06,002594.SZ,比亚迪,271.94,273.89,269.03,271.28,270.73,0.55,0.203154,82447.0,2236590143.88,0.71
2025-01-07,002594.SZ,比亚迪,271.28,277.73,267.5,274.03,271.28,2.75,1.013713,95722.0,2627167272.83,0.82
2025-01-08,002594.SZ,比亚迪,272.99,273.99,265.81,269.18,274.03,-4.85,-1.769879,109082.0,2933447141.97,0.94
2025-01-09,002594.SZ,比亚迪,269.0,271.7,266.66,269.39,269.18,0.21,0.078015,65613.0,1766873664.35,0.56
2025-01-10,002594.SZ,比亚迪,269.0,270.39,264.78,266.02,269.39,-3.37,-1.250974,80548.0,2147363099.92,0.69
2025-01-13,002594.SZ,比亚迪,263.0,268.47,262.21,266.0,266.02,-0.02,-0.007518,67214.0,1787448697.26,0.58
2025-01-14,002594.SZ,比亚迪,266.34,277.15,266.01,276.3,266.0,10.3,3.87218,125790.0,3438827616.87,1.08
2025-01-15,002594.SZ,比亚迪,276.2,277.31,274.5,274.69,276.3,-1.61,-0.5827,62336.0,1718769123.17,0.54
2025-01-16,002594.SZ,比亚迪,274.7,277.33,270.53,272.76,274.69,-1.93,-0.70261,72572.0,1984685717.9,0.62
2025-01-17,002594.SZ,比亚迪,273.52,279.2,272.48,276.6,272.76,3.84,1.407831,86142.0,2376770800.05,0.74
2025-01-20,002594.SZ,比亚迪,279.0,286.43,278.92,284.43,276.6,7.83,2.830803,135797.0,3863727458.08,1.17
2025-01-21,002594.SZ,比亚迪,285.0,287.43,283.0,286.05,284.43,1.62,0.56956,76441.0,2184132797.3,0.66
2025-01-22,002594.SZ,比亚迪,285.0,286.3,279.8,282.5,286.05,-3.55,-1.241042,81057.0,2287303620.42,0.7
2025-01-23,002594.SZ,比亚迪,284.98,285.0,277.0,277.11,282.5,-5.39,-1.907965,96174.0,2690601164.04,0.83
2025-01-24,002594.SZ,比亚迪,276.51,280.5,276.0,279.08,277.11,1.97,0.710909,68144.0,1898979250.77,0.59
2025-01-27,002594.SZ,比亚迪,279.09,280.12,274.5,274.5,279.08,-4.58,-1.641106,63408.0,1755529339.7,0.55
2025-02-05,002594.SZ,比亚迪,282.73,286.75,281.6,282.8,274.5,8.3,3.023679,145351.0,4128876836.05,1.25
2025-02-06,002594.SZ,比亚迪,282.81,311.08,282.45,311.08,282.8,28.28,10.0,381459.0,11416508784.31,3.28
2025-02-07,002594.SZ,比亚迪,320.0,330.0,314.0,326.9,311.08,15.82,5.085509,487075.0,15691989047.57,4.19
2025-02-10,002594.SZ,比亚迪,326.91,332.0,321.58,330.13,326.9,3.23,0.98807,272711.0,8908518536.6,2.35
2025-02-11,002594.SZ,比亚迪,339.3,340.3,326.01,329.9,330.13,-0.23,-0.06967,280364.0,9315885530.05,2.41
2025-02-12,002594.SZ,比亚迪,327.5,346.94,322.65,345.05,329.9,15.15,4.592301,279357.0,9451048634.3,2.4
2025-02-13,002594.SZ,比亚迪,341.2,346.35,339.5,341.3,345.05,-3.75,-1.086799,199840.0,6859997620.51,1.72
2025-02-14,002594.SZ,比亚迪,341.52,359.6,341.52,356.05,341.3,14.75,4.321711,243645.0,8574633633.17,2.1
2025-02-17,002594.SZ,比亚迪,356.05,358.8,344.5,348.5,356.05,-7.55,-2.120489,232015.0,8111345838.94,2.0
2025-02-18,002594.SZ,比亚迪,351.4,363.48,348.84,356.22,348.5,7.72,2.215208,251797.0,8977762526.02,2.17
2025-02-19,002594.SZ,比亚迪,353.52,360.0,353.0,358.5,356.22,2.28,0.640054,161918.0,5784129670.21,1.39
2025-02-20,002594.SZ,比亚迪,363.48,367.66,358.2,362.78,358.5,4.28,1.193863,156937.0,5695876654.95,1.35
2025-02-21,002594.SZ,比亚迪,366.0,386.5,365.23,383.0,362.78,20.22,5.573626,239292.0,9089497618.41,2.06
2025-02-24,002594.SZ,比亚迪,385.0,388.66,373.48,376.28,383.0,-6.72,-1.754569,199407.0,7586289373.78,1.72
2025-02-25,002594.SZ,比亚迪,370.0,380.0,368.81,372.49,376.28,-3.79,-1.007229,161103.0,6008878409.26,1.39
2025-02-26,002594.SZ,比亚迪,372.49,375.8,365.0,372.1,372.49,-0.39,-0.104701,138529.0,5125594765.18,1.19
2025-02-27,002594.SZ,比亚迪,382.0,383.99,371.01,375.5,372.1,3.4,0.913733,168446.0,6350435990.24,1.45
2025-02-28,002594.SZ,比亚迪,371.1,374.77,359.01,361.82,375.5,-13.68,-3.643142,239304.0,8762214821.87,2.06
2025-03-03,002594.SZ,比亚迪,369.0,370.0,357.79,360.21,361.82,-1.61,-0.444973,152078.0,5524500397.17,1.31
2025-03-04,002594.SZ,比亚迪,340.03,348.0,338.03,344.84,360.21,-15.37,-4.266955,263453.0,9062924960.49,2.27
2025-03-05,002594.SZ,比亚迪,347.0,355.19,347.0,353.96,344.84,9.12,2.644705,139069.0,4885879812.39,1.2
2025-03-06,002594.SZ,比亚迪,360.18,362.17,357.0,358.93,353.96,4.97,1.404113,114601.0,4120637644.5,0.99
2025-03-07,002594.SZ,比亚迪,358.9,361.0,355.24,356.4,358.93,-2.53,-0.704873,87584.0,3131517605.2,0.75
2025-03-10,002594.SZ,比亚迪,355.9,357.39,349.0,351.0,356.4,-5.4,-1.515152,99177.0,3484351089.32,0.85
2025-03-11,002594.SZ,比亚迪,345.0,351.77,344.88,350.38,351.0,-0.62,-0.176638,95370.0,3314689326.43,0.82
2025-03-12,002594.SZ,比亚迪,354.45,359.88,351.0,351.0,350.38,0.62,0.176951,129511.0,4593312533.26,1.11
2025-03-13,002594.SZ,比亚迪,351.87,357.36,351.13,354.5,351.0,3.5,0.997151,102211.0,3624758940.84,0.88
2025-03-14,002594.SZ,比亚迪,357.0,377.18,355.62,375.94,354.5,21.44,6.047955,224697.0,8292987453.86,1.93
2025-03-17,002594.SZ,比亚迪,382.32,383.0,375.96,380.25,375.94,4.31,1.14646,133069.0,5060211612.55,1.14
2025-03-18,002594.SZ,比亚迪,388.55,390.0,380.01,384.57,380.25,4.32,1.136095,173339.0,6672881109.13,1.49
2025-03-19,002594.SZ,比亚迪,384.53,399.0,382.54,397.07,384.57,12.5,3.250384,188352.0,7404859764.84,1.62
2025-03-20,002594.SZ,比亚迪,400.0,403.4,395.99,399.99,397.07,2.92,0.735387,159413.0,6372989565.18,1.37
2025-03-21,002594.SZ,比亚迪,393.01,393.31,370.0,372.0,399.99,-27.99,-6.997675,282107.0,10685254370.83,2.43
2025-03-24,002594.SZ,比亚迪,377.0,378.5,367.86,375.36,372.0,3.36,0.903226,147894.0,5522974120.0,1.27
2025-03-25,002594.SZ,比亚迪,377.98,379.6,368.98,369.59,375.36,-5.77,-1.537191,123085.0,4595791802.18,1.06
2025-03-26,002594.SZ,比亚迪,369.59,379.0,368.0,376.01,369.59,6.42,1.73706,120205.0,4503762855.04,1.03
2025-03-27,002594.SZ,比亚迪,376.1,391.28,376.09,386.5,376.01,10.49,2.789819,144394.0,5554865370.91,1.24
2025-03-28,002594.SZ,比亚迪,386.5,390.8,381.5,382.5,386.5,-4.0,-1.034929,114940.0,4428715749.31,0.99
2025-03-31,002594.SZ,比亚迪,380.0,383.28,374.0,374.9,382.5,-7.6,-1.986928,115784.0,4370400299.42,1.0
2025-04-01,002594.SZ,比亚迪,377.77,377.87,364.36,365.5,374.9,-9.4,-2.507335,154072.0,5663384880.32,1.33
2025-04-02,002594.SZ,比亚迪,365.0,365.67,358.88,360.5,365.5,-5.0,-1.367989,117100.0,4226638862.52,1.01
2025-04-03,002594.SZ,比亚迪,355.5,361.53,354.26,357.51,360.5,-2.99,-0.829404,101023.0,3618676870.28,0.87
2025-04-07,002594.SZ,比亚迪,333.34,337.7,321.76,321.76,357.51,-35.75,-9.99972,273498.0,8911483833.66,2.35
2025-04-08,002594.SZ,比亚迪,321.76,335.88,318.0,327.51,321.76,5.75,1.787046,274644.0,8924529992.96,2.36
2025-04-09,002594.SZ,比亚迪,319.8,328.0,313.66,324.6,327.51,-2.91,-0.888522,211939.0,6822376377.27,1.82
2025-04-10,002594.SZ,比亚迪,334.5,347.06,334.0,336.4,324.6,11.8,3.635243,210896.0,7165511480.53,1.81
2025-04-11,002594.SZ,比亚迪,337.0,357.55,336.4,354.98,336.4,18.58,5.523187,189945.0,6621821826.86,1.63
2025-04-14,002594.SZ,比亚迪,363.2,363.7,355.6,359.0,354.98,4.02,1.132458,142069.0,5115484102.7,1.22
2025-04-15,002594.SZ,比亚迪,364.6,365.0,357.33,359.97,359.0,0.97,0.270195,116516.0,4195947008.5,1.0
2025-04-16,002594.SZ,比亚迪,356.62,357.0,348.1,352.15,359.97,-7.82,-2.172403,131828.0,4618462218.32,1.13
2025-04-17,002594.SZ,比亚迪,349.94,353.45,346.67,349.68,352.15,-2.47,-0.701406,85289.0,2985985218.94,0.73
2025-04-18,002594.SZ,比亚迪,347.9,347.9,344.0,346.0,349.68,-3.68,-1.052391,73860.0,2553879766.85,0.64
2025-04-21,002594.SZ,比亚迪,346.0,349.87,345.24,348.76,346.0,2.76,0.797688,74953.0,2609226235.17,0.64
2025-04-22,002594.SZ,比亚迪,348.76,356.93,346.78,354.84,348.76,6.08,1.743319,112122.0,3956085869.05,0.96
2025-04-23,002594.SZ,比亚迪,377.0,378.0,367.23,371.99,354.84,17.15,4.833164,247927.0,9216822110.03,2.13
2025-04-24,002594.SZ,比亚迪,372.48,374.6,363.35,366.0,371.99,-5.99,-1.610258,150892.0,5557113198.78,1.3
2025-04-25,002594.SZ,比亚迪,370.0,375.3,368.1,370.83,366.0,4.83,1.319672,133869.0,4975314905.12,1.15
2025-04-28,002594.SZ,比亚迪,367.13,367.13,356.56,360.0,370.83,-10.83,-2.920476,179783.0,6459136359.64,1.55
2025-04-29,002594.SZ,比亚迪,359.1,360.63,353.0,355.0,360.0,-5.0,-1.388889,118983.0,4237606410.13,1.02
2025-04-30,002594.SZ,比亚迪,354.9,354.93,349.3,353.09,355.0,-1.91,-0.538028,130479.0,4599074534.65,1.12
2025-05-06,002594.SZ,比亚迪,360.0,362.3,355.92,359.96,353.09,6.87,1.94568,148294.0,5326196143.28,1.28
2025-05-07,002594.SZ,比亚迪,365.0,365.68,358.14,359.2,359.96,-0.76,-0.211135,108840.0,3937980382.23,0.94
2025-05-08,002594.SZ,比亚迪,356.52,361.98,355.7,359.28,359.2,0.08,0.022272,83382.0,2994908337.11,0.72
2025-05-09,002594.SZ,比亚迪,360.75,366.0,359.3,363.22,359.28,3.94,1.096638,143726.0,5218995470.89,1.24
2025-05-12,002594.SZ,比亚迪,365.0,370.28,360.58,370.28,363.22,7.06,1.943726,161370.0,5890708994.27,1.39
2025-05-13,002594.SZ,比亚迪,376.0,376.58,366.03,366.5,370.28,-3.78,-1.020849,131771.0,4874657843.91,1.13
2025-05-14,002594.SZ,比亚迪,366.5,373.1,363.36,373.1,366.5,6.6,1.800819,135693.0,5012059706.8,1.17
2025-05-15,002594.SZ,比亚迪,373.0,385.0,369.28,376.8,373.1,3.7,0.991691,208801.0,7894571014.52,1.8
2025-05-16,002594.SZ,比亚迪,375.03,390.99,373.58,389.17,376.8,12.37,3.282909,229328.0,8858484483.81,1.97
2025-05-19,002594.SZ,比亚迪,388.0,388.0,377.0,382.81,389.17,-6.36,-1.634247,161373.0,6159126224.05,1.39
2025-05-20,002594.SZ,比亚迪,383.5,394.8,381.5,394.8,382.81,11.99,3.132102,172100.0,6705400029.45,1.48
2025-05-21,002594.SZ,比亚迪,393.94,404.0,391.01,400.0,394.8,5.2,1.317123,199479.0,7967115092.16,1.72
2025-05-22,002594.SZ,比亚迪,399.98,405.56,398.0,398.8,400.0,-1.2,-0.3,146363.0,5868800084.14,1.26
2025-05-23,002594.SZ,比亚迪,399.0,416.98,398.13,405.0,398.8,6.2,1.554664,235574.0,9627525188.04,2.03
2025-05-26,002594.SZ,比亚迪,401.81,403.0,380.0,381.0,405.0,-24.0,-5.925926,309551.0,12014228946.46,2.66
2025-05-27,002594.SZ,比亚迪,375.88,381.0,368.88,372.41,381.0,-8.59,-2.254593,230275.0,8594833865.33,1.98
2025-05-28,002594.SZ,比亚迪,372.41,372.95,362.07,362.88,372.41,-9.53,-2.559008,177754.0,6513230208.83,1.53
2025-05-29,002594.SZ,比亚迪,359.59,366.0,355.08,361.13,362.88,-1.75,-0.482253,192061.0,6942900394.87,1.65
2025-05-30,002594.SZ,比亚迪,357.02,358.8,351.3,352.3,361.13,-8.83,-2.445103,190560.0,6733498590.72,1.64
2025-06-03,002594.SZ,比亚迪,351.25,357.99,349.0,356.0,352.3,3.7,1.050241,181893.0,6453885813.19,1.56
2025-06-04,002594.SZ,比亚迪,359.5,364.32,358.15,360.52,356.0,4.52,1.269663,146904.0,5311224036.65,1.26
2025-06-05,002594.SZ,比亚迪,362.39,362.74,356.03,360.75,360.52,0.23,0.063797,108613.0,3908084317.51,0.93
2025-06-06,002594.SZ,比亚迪,361.0,362.38,357.5,359.96,360.75,-0.79,-0.218988,89698.0,3228098167.59,0.77
2025-06-09,002594.SZ,比亚迪,356.12,356.41,345.11,348.14,359.96,-11.82,-3.283698,255091.0,8932441522.56,2.19
2025-06-10,002594.SZ,比亚迪,349.6,355.0,348.23,353.13,348.14,4.99,1.433331,171786.0,6042960183.12,1.48
2025-06-11,002594.SZ,比亚迪,354.01,365.98,354.01,361.99,353.13,8.86,2.508991,203107.0,7326544793.73,1.75
2025-06-12,002594.SZ,比亚迪,359.89,359.89,353.01,353.24,361.99,-8.75,-2.417194,144047.0,5117764843.95,1.24
2025-06-13,002594.SZ,比亚迪,349.5,349.91,341.49,346.0,353.24,-7.24,-2.049598,210240.0,7256548253.58,1.81
2025-06-16,002594.SZ,比亚迪,345.99,347.04,340.8,344.43,346.0,-1.57,-0.453757,102284.0,3508947839.19,0.88
2025-06-17,002594.SZ,比亚迪,344.0,346.4,342.4,343.74,344.43,-0.69,-0.200331,70045.0,2408912943.95,0.6
2025-06-18,002594.SZ,比亚迪,342.82,349.2,341.97,346.95,343.74,3.21,0.933845,102897.0,3565398001.68,0.89
2025-06-19,002594.SZ,比亚迪,344.03,345.29,340.35,340.5,346.95,-6.45,-1.859058,100381.0,3437688886.94,0.86
2025-06-20,002594.SZ,比亚迪,340.03,342.97,339.8,340.25,340.5,-0.25,-0.073421,73538.0,2507526429.81,0.63
2025-06-23,002594.SZ,比亚迪,336.85,339.71,333.6,338.2,340.25,-2.05,-0.602498,94593.0,3185477391.05,0.81
2025-06-24,002594.SZ,比亚迪,341.23,346.2,341.23,343.38,338.2,5.18,1.531638,144713.0,4979495319.17,1.24
2025-06-25,002594.SZ,比亚迪,345.99,349.73,343.02,349.27,343.38,5.89,1.715301,125738.0,4352301719.65,1.08
2025-06-26,002594.SZ,比亚迪,344.31,344.31,336.83,337.44,349.27,-11.83,-3.387064,204932.0,6967640374.17,1.76
2025-06-27,002594.SZ,比亚迪,334.0,336.72,333.44,334.24,337.44,-3.2,-0.948317,138617.0,4633461708.45,1.19
2025-06-30,002594.SZ,比亚迪,334.24,334.24,328.59,331.91,334.24,-2.33,-0.697104,144003.0,4768270278.13,1.24
2025-07-01,002594.SZ,比亚迪,330.3,333.35,328.79,331.34,331.91,-0.57,-0.171733,88518.0,2931303336.66,0.76
2025-07-02,002594.SZ,比亚迪,332.0,333.86,328.93,330.66,331.34,-0.68,-0.205227,93270.0,3083342650.35,0.8
2025-07-03,002594.SZ,比亚迪,330.98,335.25,330.67,334.56,330.66,3.9,1.179459,123498.0,4123732531.23,1.06
2025-07-04,002594.SZ,比亚迪,332.55,334.99,329.77,331.0,334.56,-3.56,-1.064084,104104.0,3454495463.05,0.9
2025-07-07,002594.SZ,比亚迪,329.2,330.49,328.44,328.59,331.0,-2.41,-0.728097,88208.0,2901015557.38,0.76
2025-07-08,002594.SZ,比亚迪,327.0,329.78,325.72,326.88,328.59,-1.71,-0.520405,116918.0,3825413668.2,1.01
2025-07-09,002594.SZ,比亚迪,326.9,328.21,325.78,325.8,326.88,-1.08,-0.330396,121633.0,3969384130.1,1.05
2025-07-10,002594.SZ,比亚迪,325.81,326.09,318.85,321.23,325.8,-4.57,-1.402701,210022.0,6741345468.09,1.81
2025-07-11,002594.SZ,比亚迪,319.9,326.85,319.02,323.91,321.23,2.68,0.834293,168270.0,5456832017.95,1.45
2025-07-14,002594.SZ,比亚迪,323.91,323.91,317.56,318.49,323.91,-5.42,-1.673304,172309.0,5502331853.72,1.48
2025-07-15,002594.SZ,比亚迪,318.2,325.0,318.0,323.05,318.49,4.56,1.431756,162791.0,5252631321.92,1.4
2025-07-16,002594.SZ,比亚迪,323.06,325.91,323.06,323.72,323.05,0.67,0.207398,110758.0,3594544238.09,0.95
2025-07-17,002594.SZ,比亚迪,325.0,328.72,324.1,328.02,323.72,4.3,1.328308,156891.0,5138610960.73,1.35
2025-07-18,002594.SZ,比亚迪,329.13,329.5,325.25,329.11,328.02,1.09,0.332297,136866.0,4482466755.08,1.18
2025-07-21,002594.SZ,比亚迪,327.99,334.12,327.26,334.12,329.11,5.01,1.522287,153945.0,5102459145.61,1.32
2025-07-22,002594.SZ,比亚迪,335.0,342.01,333.21,341.69,334.12,7.57,2.265653,214164.0,7227731006.63,1.84
2025-07-23,002594.SZ,比亚迪,342.09,343.0,337.0,338.07,341.69,-3.62,-1.05944,158907.0,5395840274.18,1.37
2025-07-24,002594.SZ,比亚迪,338.08,346.54,337.63,342.72,338.07,4.65,1.375455,189063.0,6489370095.95,1.63
2025-07-25,002594.SZ,比亚迪,341.0,341.4,335.0,337.93,342.72,-4.79,-1.397642,157041.0,5307866610.59,1.35
2025-07-28,002594.SZ,比亚迪,337.93,339.1,335.53,337.0,337.93,-0.93,-0.275205,117057.0,3947000993.53,1.01
2025-07-29,002594.SZ,比亚迪,112.01,112.5,109.77,111.42,337.0,-225.58,-66.937685,387360.0,4322742015.41,1.11
2025-07-30,002594.SZ,比亚迪,108.05,111.16,107.12,108.7,111.42,-2.72,-2.441213,524834.0,5743878668.38,1.51
2025-07-31,002594.SZ,比亚迪,108.2,108.2,105.0,105.24,108.7,-3.46,-3.183073,599499.0,6344900790.83,1.72
2025-08-01,002594.SZ,比亚迪,104.95,106.24,104.36,105.8,105.24,0.56,0.532117,362337.0,3816659557.87,1.04
2025-08-04,002594.SZ,比亚迪,104.0,105.14,102.57,104.88,105.8,-0.92,-0.869565,412937.0,4293903589.58,1.18
2025-08-05,002594.SZ,比亚迪,104.88,105.21,103.78,104.86,104.88,-0.02,-0.019069,338350.0,3539636639.53,0.97
2025-08-06,002594.SZ,比亚迪,104.86,105.0,103.9,104.35,104.86,-0.51,-0.486363,305620.0,3184784992.59,0.88
2025-08-07,002594.SZ,比亚迪,104.27,106.43,104.16,105.33,104.35,0.98,0.939147,428763.0,4526612773.43,1.23
2025-08-08,002594.SZ,比亚迪,105.0,105.03,103.91,103.93,105.33,-1.4,-1.329156,326615.0,3405317252.01,0.94
2025-08-11,002594.SZ,比亚迪,103.88,105.66,103.23,105.52,103.93,1.59,1.529876,356698.0,3741329572.1,1.02
2025-08-12,002594.SZ,比亚迪,105.4,106.43,104.7,105.67,105.52,0.15,0.142153,312195.0,3302639096.41,0.9
2025-08-13,002594.SZ,比亚迪,106.29,107.65,105.84,106.83,105.67,1.16,1.097757,459830.0,4908744877.15,1.32
2025-08-14,002594.SZ,比亚迪,107.37,107.5,105.79,106.37,106.83,-0.46,-0.430591,419548.0,4478119017.41,1.2
2025-08-15,002594.SZ,比亚迪,105.85,106.64,105.32,106.07,106.37,-0.3,-0.282034,361353.0,3831047052.11,1.04
2025-08-18,002594.SZ,比亚迪,105.66,109.49,105.66,108.37,106.07,2.3,2.168379,619252.0,6680761816.28,1.78
2025-08-19,002594.SZ,比亚迪,108.67,108.92,107.18,107.63,108.37,-0.74,-0.682846,389735.0,4205349328.86,1.12
2025-08-20,002594.SZ,比亚迪,107.18,108.26,106.01,108.25,107.63,0.62,0.576048,385053.0,4130459251.5,1.1
2025-08-21,002594.SZ,比亚迪,107.8,108.83,107.0,107.1,108.25,-1.15,-1.062356,449464.0,4843670255.1,1.29
2025-08-22,002594.SZ,比亚迪,107.11,110.97,107.11,110.66,107.1,3.56,3.323996,763120.0,8351469725.95,2.19
2025-08-25,002594.SZ,比亚迪,111.31,112.49,110.31,111.61,110.66,0.95,0.858485,611628.0,6803182882.92,1.75
2025-08-26,002594.SZ,比亚迪,111.75,114.69,110.71,113.75,111.61,2.14,1.917391,692916.0,7850511029.36,1.99
2025-08-27,002594.SZ,比亚迪,113.96,114.06,110.66,110.68,113.75,-3.07,-2.698901,689747.0,7761766930.98,1.98
2025-08-28,002594.SZ,比亚迪,109.39,110.19,107.11,109.32,110.68,-1.36,-1.228768,762522.0,8278465955.83,2.19
2025-08-29,002594.SZ,比亚迪,108.88,116.59,108.12,114.06,109.32,4.74,4.335895,1144902.0,12973326090.99,3.28
2025-09-01,002594.SZ,比亚迪,108.5,111.48,108.5,109.7,114.06,-4.36,-3.82255,1329867.0,14546890246.63,3.81
2025-09-02,002594.SZ,比亚迪,108.79,111.1,108.6,110.02,109.7,0.32,0.291705,773224.0,8495472755.14,2.22
2025-09-03,002594.SZ,比亚迪,110.5,110.73,107.01,107.21,110.02,-2.81,-2.554081,735223.0,7975948715.56,2.11
2025-09-04,002594.SZ,比亚迪,106.59,107.09,103.71,104.0,107.21,-3.21,-2.994124,815741.0,8588835880.93,2.34
2025-09-05,002594.SZ,比亚迪,103.86,107.5,103.11,107.26,104.0,3.26,3.134615,787524.0,8307907947.57,2.26
2025-09-08,002594.SZ,比亚迪,106.15,107.13,105.51,106.25,107.26,-1.01,-0.941637,555923.0,5910440231.73,1.59
2025-09-09,002594.SZ,比亚迪,106.0,107.2,105.27,105.49,106.25,-0.76,-0.715294,381636.0,4049249506.54,1.09
2025-09-10,002594.SZ,比亚迪,105.52,106.45,105.02,105.2,105.49,-0.29,-0.274908,322369.0,3401353898.36,0.92
2025-09-11,002594.SZ,比亚迪,105.25,106.6,104.89,106.59,105.2,1.39,1.321293,537781.0,5683446688.51,1.54
2025-09-12,002594.SZ,比亚迪,106.6,107.58,105.9,105.91,106.59,-0.68,-0.637959,455910.0,4859782579.06,1.31
2025-09-15,002594.SZ,比亚迪,106.0,110.85,106.0,108.7,105.91,2.79,2.634312,974804.0,10620465040.63,2.8
2025-09-16,002594.SZ,比亚迪,109.0,109.0,107.22,107.8,108.7,-0.9,-0.827967,533160.0,5753437964.22,1.53
2025-09-17,002594.SZ,比亚迪,108.2,112.0,108.2,110.99,107.8,3.19,2.959184,981240.0,10827682692.16,2.81
2025-09-18,002594.SZ,比亚迪,110.99,112.8,108.56,109.71,110.99,-1.28,-1.153257,934014.0,10362193293.46,2.68
2025-09-19,002594.SZ,比亚迪,109.8,110.8,109.0,109.09,109.71,-0.62,-0.565126,472977.0,5188176204.4,1.36
2025-09-22,002594.SZ,比亚迪,108.87,108.91,107.15,107.99,109.09,-1.1,-1.008342,491559.0,5293961578.02,1.41
2025-09-23,002594.SZ,比亚迪,107.45,107.69,104.64,105.6,107.99,-2.39,-2.213168,650963.0,6888232045.71,1.87
2025-09-24,002594.SZ,比亚迪,105.0,105.83,104.0,105.71,105.6,0.11,0.104167,548162.0,5758922304.81,1.57
2025-09-25,002594.SZ,比亚迪,105.34,108.8,104.87,107.5,105.71,1.79,1.693312,693482.0,7421942404.64,1.99
2025-09-26,002594.SZ,比亚迪,107.45,111.23,107.0,107.29,107.5,-0.21,-0.195349,756612.0,8250492997.18,2.17
2025-09-29,002594.SZ,比亚迪,107.0,109.14,106.39,108.61,107.29,1.32,1.23031,613984.0,6621874267.35,1.76
2025-09-30,002594.SZ,比亚迪,108.19,109.98,107.76,109.21,108.61,0.6,0.552435,567756.0,6200518749.86,1.63
2025-10-09,002594.SZ,比亚迪,108.67,112.48,108.07,110.6,109.21,1.39,1.272777,1008722.0,11196004666.78,2.89
2025-10-10,002594.SZ,比亚迪,110.55,110.55,107.58,107.79,110.6,-2.81,-2.540687,590103.0,6420415513.32,1.69
2025-10-13,002594.SZ,比亚迪,105.0,105.98,104.1,105.69,107.79,-2.1,-1.948233,744430.0,7841774365.12,2.13
2025-10-14,002594.SZ,比亚迪,106.68,109.36,105.62,105.99,105.69,0.3,0.283849,767786.0,8244228528.63,2.2
2025-10-15,002594.SZ,比亚迪,106.45,107.51,105.5,107.1,105.99,1.11,1.047269,475791.0,5063179652.06,1.36
2025-10-16,002594.SZ,比亚迪,107.0,109.3,106.51,106.96,107.1,-0.14,-0.130719,523096.0,5628738804.39,1.5
2025-10-17,002594.SZ,比亚迪,106.6,106.63,104.26,104.43,106.96,-2.53,-2.36537,625725.0,6576614911.1,1.79
2025-10-20,002594.SZ,比亚迪,105.22,105.63,104.08,104.52,104.43,0.09,0.086182,355615.0,3721699722.1,1.02
2025-10-21,002594.SZ,比亚迪,104.69,105.07,104.24,104.76,104.52,0.24,0.229621,299074.0,3133789475.42,0.86
2025-10-22,002594.SZ,比亚迪,104.1,104.32,103.37,103.78,104.76,-0.98,-0.935472,357874.0,3715302135.68,1.03
2025-10-23,002594.SZ,比亚迪,103.3,103.73,102.0,103.69,103.78,-0.09,-0.086722,378603.0,3889661810.81,1.09
2025-10-24,002594.SZ,比亚迪,103.98,104.37,103.61,103.76,103.69,0.07,0.067509,305543.0,3173964302.23,0.88
2025-10-27,002594.SZ,比亚迪,104.0,104.97,103.88,104.01,103.76,0.25,0.240941,345988.0,3607756848.47,0.99
2025-10-28,002594.SZ,比亚迪,104.02,104.32,103.5,103.72,104.01,-0.29,-0.278819,265416.0,2755526046.73,0.76
2025-10-29,002594.SZ,比亚迪,103.73,105.18,103.0,104.52,103.72,0.8,0.771307,397340.0,4128608368.72,1.14
2025-10-30,002594.SZ,比亚迪,104.0,104.86,103.5,103.61,104.52,-0.91,-0.870647,358989.0,3733925602.84,1.03
2025-10-31,002594.SZ,比亚迪,101.0,101.32,100.0,100.79,103.61,-2.82,-2.721745,637053.0,6418551106.33,1.83
2025-11-03,002594.SZ,比亚迪,100.79,100.99,98.5,99.6,100.79,-1.19,-1.180673,551670.0,5472679664.54,1.58
2025-11-04,002594.SZ,比亚迪,99.0,99.54,97.71,97.8,99.6,-1.8,-1.807229,435017.0,4274197473.75,1.25
2025-11-05,002594.SZ,比亚迪,96.66,96.66,94.73,95.8,97.8,-2.0,-2.04499,587215.0,5617215879.19,1.68
2025-11-06,002594.SZ,比亚迪,95.58,97.75,95.4,97.52,95.8,1.72,1.795407,402004.0,3897723836.01,1.15
2025-11-07,002594.SZ,比亚迪,97.0,98.15,96.83,97.2,97.52,-0.32,-0.328138,322561.0,3145817990.54,0.92
2025-11-10,002594.SZ,比亚迪,97.35,100.35,97.35,99.39,97.2,2.19,2.253086,554877.0,5513238812.76,1.59
2025-11-11,002594.SZ,比亚迪,99.5,99.78,98.14,98.71,99.39,-0.68,-0.684173,319858.0,3161124109.67,0.92
2025-11-12,002594.SZ,比亚迪,98.8,98.99,97.54,97.77,98.71,-0.94,-0.952284,260643.0,2555847684.22,0.75
2025-11-13,002594.SZ,比亚迪,97.01,100.5,97.01,99.83,97.77,2.06,2.106986,579990.0,5759429263.98,1.66
2025-11-14,002594.SZ,比亚迪,99.0,100.5,98.33,98.37,99.83,-1.46,-1.462486,342985.0,3396134915.94,0.98
2025-11-17,002594.SZ,比亚迪,97.8,98.59,97.25,98.08,98.37,-0.29,-0.294805,207248.0,2029207778.62,0.59
2025-11-18,002594.SZ,比亚迪,97.54,97.85,96.02,96.49,98.08,-1.59,-1.621126,304756.0,2949162764.52,0.87
2025-11-19,002594.SZ,比亚迪,96.4,96.66,95.01,95.17,96.49,-1.32,-1.368017,348292.0,3327809283.94,1.0
2025-11-20,002594.SZ,比亚迪,95.17,95.5,93.5,93.61,95.17,-1.56,-1.639172,391811.0,3692348084.89,1.12
2025-11-21,002594.SZ,比亚迪,92.49,94.39,91.7,92.7,93.61,-0.91,-0.972118,451713.0,4182916492.54,1.3
2025-11-24,002594.SZ,比亚迪,93.1,94.41,92.2,93.93,92.7,1.23,1.326861,327302.0,3064736738.52,0.94
2025-11-25,002594.SZ,比亚迪,94.0,95.38,93.7,93.91,93.93,-0.02,-0.021292,277489.0,2620855758.23,0.8
2025-11-26,002594.SZ,比亚迪,94.75,95.44,94.45,95.09,93.91,1.18,1.256522,306577.0,2914626392.7,0.88
2025-11-27,002594.SZ,比亚迪,94.6,95.16,94.22,94.29,95.09,-0.8,-0.841308,202280.0,1915349541.08,0.58
2025-11-28,002594.SZ,比亚迪,94.6,95.23,94.2,95.17,94.29,0.88,0.933291,219351.0,2080615710.1,0.63
2025-12-01,002594.SZ,比亚迪,95.39,96.3,95.14,95.77,95.17,0.6,0.630451,233713.0,2237016414.3,0.67
2025-12-02,002594.SZ,比亚迪,96.42,97.8,96.25,96.62,95.77,0.85,0.887543,359217.0,3483571735.4,1.03
2025-12-03,002594.SZ,比亚迪,96.64,96.65,94.89,95.05,96.62,-1.57,-1.624922,231573.0,2207429345.9,0.66
2025-12-04,002594.SZ,比亚迪,94.92,95.29,94.2,95.24,95.05,0.19,0.199895,166142.0,1576759405.22,0.48
2025-12-05,002594.SZ,比亚迪,95.29,96.22,94.71,95.98,95.24,0.74,0.776984,211618.0,2021250208.5,0.61
2025-12-08,002594.SZ,比亚迪,96.21,97.15,96.21,96.53,95.98,0.55,0.573036,247805.0,2397261754.42,0.71
2025-12-09,002594.SZ,比亚迪,96.21,96.66,95.7,96.03,96.53,-0.5,-0.517974,163227.0,1568057388.33,0.47
2025-12-10,002594.SZ,比亚迪,95.6,96.65,94.9,96.47,96.03,0.44,0.45819,198402.0,1902988179.72,0.57
2025-12-11,002594.SZ,比亚迪,96.98,97.12,95.85,96.23,96.47,-0.24,-0.248782,250908.0,2422448208.27,0.72
2025-12-12,002594.SZ,比亚迪,96.2,97.7,95.65,97.0,96.23,0.77,0.800166,554621.0,5390456375.38,1.59
2025-12-15,002594.SZ,比亚迪,96.55,97.16,95.53,95.53,97.0,-1.47,-1.515464,293301.0,2824248327.37,0.84
2025-12-16,002594.SZ,比亚迪,95.5,95.7,94.14,94.25,95.53,-1.28,-1.339893,258768.0,2450336536.01,0.74
2025-12-17,002594.SZ,比亚迪,94.5,95.7,93.68,95.21,94.25,0.96,1.018568,272825.0,2584139144.72,0.78
2025-12-18,002594.SZ,比亚迪,94.39,94.6,93.5,93.53,95.21,-1.68,-1.764521,252797.0,2376126962.27,0.72
2025-12-19,002594.SZ,比亚迪,94.0,95.27,93.73,94.23,93.53,0.7,0.748423,272068.0,2573037717.75,0.78
2025-12-22,002594.SZ,比亚迪,94.7,95.36,94.25,94.37,94.23,0.14,0.148573,206235.0,1952361858.31,0.59
2025-12-23,002594.SZ,比亚迪,94.5,95.5,94.5,94.81,94.37,0.44,0.46625,236617.0,2247679864.35,0.68
2025-12-24,002594.SZ,比亚迪,94.8,94.8,94.05,94.42,94.81,-0.39,-0.411349,192810.0,1819358258.51,0.55
2025-12-25,002594.SZ,比亚迪,94.43,95.23,94.12,94.84,94.42,0.42,0.444821,182202.0,1725723850.6,0.52
2025-12-26,002594.SZ,比亚迪,95.28,101.45,95.25,100.01,94.84,5.17,5.451286,1020959.0,10178557961.83,2.93
2025-12-29,002594.SZ,比亚迪,100.5,101.3,99.6,100.21,100.01,0.2,0.19998,519167.0,5209488142.03,1.49
2025-12-30,002594.SZ,比亚迪,99.26,100.15,98.74,99.75,100.21,-0.46,-0.459036,318756.0,3174697985.99,0.91
2025-12-31,002594.SZ,比亚迪,99.98,100.2,97.38,97.72,99.75,-2.03,-2.035088,402859.0,3955310311.36,1.16
2026-01-05,002594.SZ,比亚迪,98.4,99.48,97.9,98.11,97.72,0.39,0.399099,382625.0,3762797878.26,1.1
2026-01-06,002594.SZ,比亚迪,98.22,100.5,98.12,99.99,98.11,1.88,1.916216,521785.0,5185026166.42,1.5
2026-01-07,002594.SZ,比亚迪,99.96,99.96,97.06,97.6,99.99,-2.39,-2.390239,560849.0,5502570730.88,1.61
2026-01-08,002594.SZ,比亚迪,97.2,97.2,96.33,96.88,97.6,-0.72,-0.737705,300655.0,2908439428.93,0.86
2026-01-09,002594.SZ,比亚迪,97.05,97.95,96.9,97.01,96.88,0.13,0.134187,350341.0,3412630184.79,1.0
2026-01-12,002594.SZ,比亚迪,97.01,98.0,96.3,97.47,97.01,0.46,0.474178,425257.0,4125432529.12,1.22
2026-01-13,002594.SZ,比亚迪,99.0,99.6,96.88,97.19,97.47,-0.28,-0.287268,498723.0,4905229941.76,1.43
2026-01-14,002594.SZ,比亚迪,96.81,97.74,95.51,96.1,97.19,-1.09,-1.121515,514750.0,4975154616.41,1.48
2026-01-15,002594.SZ,比亚迪,96.08,96.64,95.6,95.67,96.1,-0.43,-0.447451,295635.0,2835803089.86,0.85
2026-01-16,002594.SZ,比亚迪,96.7,97.44,95.6,95.86,95.67,0.19,0.198599,384588.0,3705328915.52,1.1
2026-01-19,002594.SZ,比亚迪,96.81,97.3,95.77,96.19,95.86,0.33,0.344252,334927.0,3227653861.74,0.96
2026-01-20,002594.SZ,比亚迪,96.22,96.26,94.68,94.74,96.19,-1.45,-1.507433,389149.0,3699337566.25,1.12
2026-01-21,002594.SZ,比亚迪,94.01,94.94,94.0,94.1,94.74,-0.64,-0.675533,308334.0,2910327666.12,0.88
2026-01-22,002594.SZ,比亚迪,94.72,95.13,93.89,94.12,94.1,0.02,0.021254,291014.0,2741536605.29,0.83
2026-01-23,002594.SZ,比亚迪,94.24,94.36,93.51,93.65,94.12,-0.47,-0.499363,383303.0,3598066420.86,1.1
2026-01-26,002594.SZ,比亚迪,93.65,93.66,92.5,92.63,93.65,-1.02,-1.089162,375460.0,3485372554.28,1.08
2026-01-27,002594.SZ,比亚迪,92.67,92.99,91.8,91.81,92.63,-0.82,-0.885242,362981.0,3340756010.26,1.04
2026-01-28,002594.SZ,比亚迪,91.8,93.5,90.01,93.34,91.81,1.53,1.666485,715566.0,6553150013.29,2.05
2026-01-29,002594.SZ,比亚迪,92.66,92.92,91.61,92.31,93.34,-1.03,-1.103493,371825.0,3423462524.93,1.07
2026-01-30,002594.SZ,比亚迪,92.27,92.27,90.7,90.89,92.31,-1.42,-1.538295,329176.0,3001871204.27,0.94
2026-02-02,002594.SZ,比亚迪,88.0,89.09,86.97,87.05,90.89,-3.84,-4.224887,646974.0,5676850726.51,1.86
2026-02-03,002594.SZ,比亚迪,87.2,87.4,85.88,87.37,87.05,0.32,0.367605,377827.0,3275997178.85,1.08
2026-02-04,002594.SZ,比亚迪,86.99,89.33,86.45,89.14,87.37,1.77,2.025867,376505.0,3322530225.39,1.08
2026-02-05,002594.SZ,比亚迪,88.5,91.23,88.33,90.11,89.14,0.97,1.088176,354240.0,3184480192.98,1.02
2026-02-06,002594.SZ,比亚迪,89.39,90.66,89.0,89.82,90.11,-0.29,-0.321829,247088.0,2217096985.32,0.71
2026-02-09,002594.SZ,比亚迪,90.5,90.65,89.83,90.06,89.82,0.24,0.267201,208180.0,1875980039.28,0.6
2026-02-10,002594.SZ,比亚迪,90.0,91.57,89.84,90.81,90.06,0.75,0.832778,267605.0,2434219974.85,0.77
2026-02-11,002594.SZ,比亚迪,90.88,92.95,90.88,92.28,90.81,1.47,1.618764,396950.0,3662117778.54,1.14
2026-02-12,002594.SZ,比亚迪,92.29,92.35,91.08,91.16,92.28,-1.12,-1.213697,230313.0,2106032227.12,0.66
2026-02-13,002594.SZ,比亚迪,90.05,91.09,89.88,90.27,91.16,-0.89,-0.976305,217339.0,1963579416.68,0.62
2026-02-24,002594.SZ,比亚迪,91.98,91.99,90.61,90.87,90.27,0.6,0.664673,206445.0,1879888761.45,0.59
2026-02-25,002594.SZ,比亚迪,90.89,92.79,90.89,91.45,90.87,0.58,0.638274,324780.0,2985714580.09,0.93
2026-02-26,002594.SZ,比亚迪,91.4,91.4,89.61,89.85,91.45,-1.6,-1.74959,291019.0,2619922211.49,0.83
2026-02-27,002594.SZ,比亚迪,89.4,89.94,89.1,89.32,89.85,-0.53,-0.589872,219341.0,1962319079.4,0.63
2026-03-02,002594.SZ,比亚迪,88.0,97.25,87.72,96.79,89.32,7.47,8.363189,1435137.0,13507227574.29,4.12
2026-03-03,002594.SZ,比亚迪,96.39,96.99,93.99,95.21,96.79,-1.58,-1.6324,865741.0,8272503575.74,2.48
2026-03-04,002594.SZ,比亚迪,95.2,96.8,93.7,95.99,95.21,0.78,0.819242,700969.0,6674964517.79,2.01
2026-03-05,002594.SZ,比亚迪,96.8,96.82,93.89,94.47,95.99,-1.52,-1.583498,552440.0,5235746090.45,1.58
2026-03-06,002594.SZ,比亚迪,96.0,96.0,93.25,93.62,94.47,-0.85,-0.899757,503540.0,4743654924.93,1.44
2026-03-09,002594.SZ,比亚迪,93.62,98.0,93.0,97.52,93.62,3.9,4.165777,1093409.0,10562485734.53,3.14
2026-03-10,002594.SZ,比亚迪,97.18,97.49,96.08,96.6,97.52,-0.92,-0.943396,507462.0,4907397250.96,1.46
2026-03-11,002594.SZ,比亚迪,96.75,100.34,95.67,99.22,96.6,2.62,2.712215,903744.0,8925093667.94,2.59
2026-03-12,002594.SZ,比亚迪,99.23,100.69,98.7,99.1,99.22,-0.12,-0.120943,502524.0,4995016177.19,1.44
2026-03-13,002594.SZ,比亚迪,99.0,100.79,98.3,99.67,99.1,0.57,0.575177,519765.0,5199004697.47,1.49
2026-03-16,002594.SZ,比亚迪,99.67,105.0,98.79,104.62,99.67,4.95,4.966389,1087814.0,11184164654.67,3.12
2026-03-17,002594.SZ,比亚迪,104.63,106.66,102.71,102.87,104.62,-1.75,-1.67272,841389.0,8793237612.73,2.41
2026-03-18,002594.SZ,比亚迪,102.82,102.82,100.05,101.69,102.87,-1.18,-1.147079,617996.0,6257459329.85,1.77
2026-03-19,002594.SZ,比亚迪,100.99,103.88,100.47,102.31,101.69,0.62,0.609696,531059.0,5450382395.36,1.52
2026-03-20,002594.SZ,比亚迪,102.0,104.45,101.56,103.03,102.31,0.72,0.703744,628783.0,6495105103.63,1.8
2026-03-23,002594.SZ,比亚迪,103.87,111.82,103.18,107.63,103.03,4.6,4.464719,1782446.0,19284919428.95,5.11
2026-03-24,002594.SZ,比亚迪,108.4,108.4,104.93,106.64,107.63,-0.99,-0.919818,921446.0,9784806490.81,2.64
2026-03-25,002594.SZ,比亚迪,106.72,107.66,105.28,106.6,106.64,-0.04,-0.037509,662665.0,7061311677.57,1.9
2026-03-26,002594.SZ,比亚迪,106.62,107.68,102.7,103.14,106.6,-3.46,-3.245779,828121.0,8655663075.43,2.38
2026-03-27,002594.SZ,比亚迪,103.99,105.89,102.75,105.3,103.14,2.16,2.094241,658455.0,6893710025.99,1.89
2026-03-30,002594.SZ,比亚迪,103.51,108.0,103.25,106.05,105.3,0.75,0.712251,727557.0,7713482118.31,2.09
2026-03-31,002594.SZ,比亚迪,107.0,108.49,105.1,105.25,106.05,-0.8,-0.754361,588659.0,6283345063.15,1.69
2026-04-01,002594.SZ,比亚迪,105.9,106.5,102.37,102.65,105.25,-2.6,-2.470309,715198.0,7383168511.54,2.05
2026-04-02,002594.SZ,比亚迪,102.49,103.48,100.5,101.65,102.65,-1.0,-0.974184,604349.0,6153958207.6,1.73
2026-04-03,002594.SZ,比亚迪,101.8,102.3,99.0,99.01,101.65,-2.64,-2.597147,491745.0,4921224065.51,1.41
2026-04-07,002594.SZ,比亚迪,99.5,99.77,97.45,97.98,99.01,-1.03,-1.040299,379697.0,3731963029.9,1.09
2026-04-08,002594.SZ,比亚迪,98.5,101.28,98.11,101.22,97.98,3.24,3.306797,562818.0,5621410290.06,1.61
2026-04-09,002594.SZ,比亚迪,100.21,100.21,98.81,99.03,101.22,-2.19,-2.163604,379063.0,3764528220.2,1.09
2026-04-10,002594.SZ,比亚迪,99.39,102.2,99.03,101.67,99.03,2.64,2.665859,605731.0,6130392651.86,1.74
2026-04-13,002594.SZ,比亚迪,101.57,104.99,100.81,104.25,101.67,2.58,2.537622,663136.0,6887089022.36,1.9
2026-04-14,002594.SZ,比亚迪,103.0,104.19,102.5,103.82,104.25,-0.43,-0.41247,543343.0,5614541232.06,1.56
2026-04-15,002594.SZ,比亚迪,103.82,104.77,102.5,103.03,103.82,-0.79,-0.760932,428719.0,4431952619.71,1.23
2026-04-16,002594.SZ,比亚迪,103.28,105.97,103.28,105.54,103.03,2.51,2.436184,643661.0,6763624066.88,1.85
2026-04-17,002594.SZ,比亚迪,104.99,105.46,103.12,103.78,105.54,-1.76,-1.667614,442048.0,4595671718.33,1.27
2026-04-20,002594.SZ,比亚迪,103.78,103.95,102.62,102.91,103.78,-0.87,-0.838312,383677.0,3957213043.27,1.1
2026-04-21,002594.SZ,比亚迪,102.91,103.19,101.33,101.53,102.91,-1.38,-1.340978,432258.0,4398233494.97,1.24
2026-04-22,002594.SZ,比亚迪,101.11,102.38,100.6,101.62,101.53,0.09,0.088644,343733.0,3485648244.02,0.99
2026-04-23,002594.SZ,比亚迪,101.57,101.59,99.01,99.98,101.62,-1.64,-1.613856,492164.0,4915554212.21,1.41
2026-04-24,002594.SZ,比亚迪,99.91,99.91,98.7,99.46,99.98,-0.52,-0.520104,337739.0,3348015918.73,0.97
2026-04-27,002594.SZ,比亚迪,100.0,104.0,99.88,102.34,99.46,2.88,2.895636,601670.0,6169037081.86,1.73
2026-04-28,002594.SZ,比亚迪,101.85,103.3,101.34,101.48,102.34,-0.86,-0.840336,361550.0,3687912785.41,1.04
2026-04-29,002594.SZ,比亚迪,101.47,105.64,101.0,105.4,101.48,3.92,3.86283,1056558.0,11021927729.24,3.03
2026-04-30,002594.SZ,比亚迪,104.54,105.45,102.37,102.98,105.4,-2.42,-2.296015,600979.0,6206126903.48,1.72
2026-05-06,002594.SZ,比亚迪,101.7,101.89,100.2,100.75,102.98,-2.23,-2.165469,670487.0,6746578445.37,1.92
2026-05-07,002594.SZ,比亚迪,101.05,101.26,100.01,100.46,100.75,-0.29,-0.287841,468846.0,4708289850.76,1.34
2026-05-08,002594.SZ,比亚迪,100.47,101.0,99.8,100.02,100.46,-0.44,-0.437985,382158.0,3823821997.57,1.1
2026-05-11,002594.SZ,比亚迪,100.02,100.73,99.0,100.44,100.02,0.42,0.419916,482810.0,4812920714.72,1.38
2026-05-12,002594.SZ,比亚迪,99.97,100.1,99.1,99.23,100.44,-1.21,-1.204699,353441.0,3514548835.63,1.01
2026-05-13,002594.SZ,比亚迪,99.23,99.25,97.81,98.6,99.23,-0.63,-0.634889,456194.0,4481395883.54,1.31
2026-05-14,002594.SZ,比亚迪,99.0,100.0,98.45,98.73,98.6,0.13,0.131846,339180.0,3361151176.22,0.97
2026-05-15,002594.SZ,比亚迪,98.0,98.03,96.26,96.3,98.73,-2.43,-2.461258,466217.0,4507893857.51,1.34
2026-05-18,002594.SZ,比亚迪,95.34,95.94,94.3,94.51,96.3,-1.79,-1.858775,354613.0,3359745462.56,1.02
2026-05-19,002594.SZ,比亚迪,94.51,96.08,93.8,96.0,94.51,1.49,1.576553,296184.0,2822346576.25,0.85
2026-05-20,002594.SZ,比亚迪,95.3,95.49,93.3,93.36,96.0,-2.64,-2.75,415010.0,3900216298.87,1.19
2026-05-21,002594.SZ,比亚迪,93.41,96.2,93.41,93.51,93.36,0.15,0.160668,373950.0,3540792198.97,1.07
2026-05-22,002594.SZ,比亚迪,93.55,94.19,92.61,93.75,93.51,0.24,0.256657,268592.0,2510615943.9,0.77
2026-05-25,002594.SZ,比亚迪,95.0,97.21,95.0,95.96,93.75,2.21,2.357333,405995.0,3900848661.64,1.16
2026-05-26,002594.SZ,比亚迪,95.8,96.92,94.51,96.55,95.96,0.59,0.61484,386524.0,3720039550.6,1.11
2026-05-27,002594.SZ,比亚迪,96.0,97.27,94.66,95.22,96.55,-1.33,-1.377525,362374.0,3467882770.14,1.04
2026-05-28,002594.SZ,比亚迪,95.22,95.99,94.03,95.88,95.22,0.66,0.693132,314590.0,2991315169.93,0.9
2026-05-29,002594.SZ,比亚迪,98.9,99.5,96.13,96.18,95.88,0.3,0.312891,606294.0,5901286621.17,1.74
2026-06-01,002594.SZ,比亚迪,96.18,96.22,93.6,93.65,96.18,-2.53,-2.630485,445981.0,4207350429.92,1.28
2026-06-02,002594.SZ,比亚迪,96.0,96.88,94.31,96.76,93.65,3.11,3.320876,554964.0,5321331038.06,1.59
2026-06-03,002594.SZ,比亚迪,96.0,96.0,94.5,94.82,96.76,-1.94,-2.004961,370434.0,3514157745.47,1.06
2026-06-04,002594.SZ,比亚迪,93.6,94.39,93.1,93.44,94.82,-1.38,-1.455389,318712.0,2982999607.13,0.91
2026-06-05,002594.SZ,比亚迪,93.52,94.0,92.3,93.01,93.44,-0.43,-0.460188,339969.0,3159266076.03,0.98
2026-06-08,002594.SZ,比亚迪,91.0,92.02,90.3,91.19,93.01,-1.82,-1.956779,316844.0,2885879183.01,0.91
2026-06-09,002594.SZ,比亚迪,91.22,91.92,90.03,91.89,91.19,0.7,0.767628,281927.0,2562232961.09,0.81
2026-06-10,002594.SZ,比亚迪,91.0,91.0,90.1,90.31,91.89,-1.58,-1.719447,241287.0,2182297137.41,0.69
2026-06-11,002594.SZ,比亚迪,90.1,90.8,88.88,89.8,90.31,-0.51,-0.564722,315087.0,2821436895.48,0.9
2026-06-12,002594.SZ,比亚迪,89.9,91.78,89.25,91.6,89.8,1.8,2.004454,385352.0,3497028504.68,1.11
2026-06-15,002594.SZ,比亚迪,91.61,91.9,90.4,90.82,91.6,-0.78,-0.851528,312979.0,2847656616.85,0.9
2026-06-16,002594.SZ,比亚迪,90.35,90.5,89.5,89.64,90.82,-1.18,-1.299273,336019.0,3017362612.74,0.96
2026-06-17,002594.SZ,比亚迪,89.0,89.3,87.0,87.47,89.64,-2.17,-2.420794,495267.0,4335318667.7,1.42
2026-06-18,002594.SZ,比亚迪,87.0,89.33,86.08,88.13,87.47,0.66,0.754544,435790.0,3820166909.92,1.25
2026-06-22,002594.SZ,比亚迪,87.0,87.9,84.6,87.59,88.13,-0.54,-0.612731,637242.0,5467321886.39,1.83
2026-06-23,002594.SZ,比亚迪,86.91,88.32,84.75,85.0,87.59,-2.59,-2.956959,466217.0,4016365834.08,1.34
2026-06-24,002594.SZ,比亚迪,84.5,84.7,82.78,83.3,85.0,-1.7,-2.0,455735.0,3803649805.54,1.31
2026-06-25,002594.SZ,比亚迪,82.8,83.81,81.34,82.2,83.3,-1.1,-1.320528,556432.0,4579273325.4,1.6
2026-06-26,002594.SZ,比亚迪,81.51,81.8,78.2,78.2,82.2,-4.0,-4.86618,663208.0,5267490277.75,1.9
2026-06-29,002594.SZ,比亚迪,78.2,80.95,77.6,79.64,78.2,1.44,1.841432,523707.0,4160734872.56,1.5
2026-06-30,002594.SZ,比亚迪,79.58,80.55,78.58,79.7,79.64,0.06,0.075339,382043.0,3031865049.19,1.1
2026-07-01,002594.SZ,比亚迪,79.9,81.65,78.55,80.66,79.7,0.96,1.204517,503177.0,4035250996.65,1.44
2026-07-02,002594.SZ,比亚迪,81.9,85.67,81.9,83.57,80.66,2.91,3.607736,825046.0,6956783955.3,2.37
2026-07-03,002594.SZ,比亚迪,83.73,88.88,83.6,88.47,83.57,4.9,5.863348,838982.0,7298140284.07,2.41
2026-07-06,002594.SZ,比亚迪,88.52,88.95,86.61,87.54,88.47,-0.93,-1.051204,485828.0,4263991761.89,1.39
2026-07-07,002594.SZ,比亚迪,87.66,88.81,85.87,86.26,87.54,-1.28,-1.462189,389470.0,3378987289.2,1.12
2026-07-08,002594.SZ,比亚迪,86.01,88.34,85.28,87.8,86.26,1.54,1.7853,403809.0,3527472657.03,1.16
2026-07-09,002594.SZ,比亚迪,86.5,87.77,85.8,86.87,87.8,-0.93,-1.059226,377393.0,3270884062.04,1.08
2026-07-10,002594.SZ,比亚迪,86.84,90.83,84.88,90.0,86.87,3.13,3.603085,709332.0,6283278804.27,2.03
