ts_code,trade_date,open,high,low,close,pre_close,change,pct_chg,vol,amount,log_return,amplitude_pct,intraday_return_pct,gap_pct,upper_shadow_pct,lower_shadow_pct,vwap_proxy,close_ma5,close_ma20,close_ma5_gap_pct,close_ma20_gap_pct,pct_chg_5d,pct_chg_20d,volatility_20d,amount_ma20,amount_ma20_ratio
688981.SH,2025-07-02,87.5,87.73,85.81,86.1,87.76,-1.66,-1.8915,225572.67,1955238.262,-0.019096404533289847,2.1877848678213327,-1.6000000000000065,-0.29626253418414433,0.2620783956244348,0.33044667274383777,8.667886326832058,,,,,,,,,
688981.SH,2025-07-03,86.38,86.73,85.78,86.24,86.1,0.14,0.1626,146150.27,1260331.049,0.001624695727001983,1.1033681765389116,-0.16207455429497636,0.32520325203252165,0.40650406504066033,0.5342624854819905,8.623528707815595,,,,,,,,,
688981.SH,2025-07-04,86.0,87.2,84.86,85.8,86.24,-0.44,-0.5102,252257.45,2166412.311,-0.005115100666770377,2.7133580705009317,-0.23255813953488702,-0.27829313543598666,1.3914656771799663,1.0899814471243017,8.588100414873773,,,,,,,,,
688981.SH,2025-07-07,85.69,86.86,85.37,85.48,85.8,-0.32,-0.373,135349.28,1162397.568,-0.003736576042969622,1.7365967365967308,-0.24506943634028913,-0.12820512820512756,1.3636363636363658,0.12820512820512756,8.588132629889127,,,,,,,,,
688981.SH,2025-07-08,85.49,86.85,85.18,86.74,85.48,1.26,1.474,217668.48,1876172.23,0.014632707956273111,1.953673373888614,1.4621593168791671,0.011698642957406299,0.12868507253158565,0.36265793167991117,8.619402450919857,86.072,,0.7760944325680752,,,,,,
688981.SH,2025-07-09,86.65,86.86,85.52,85.85,86.74,-0.89,-1.0261,183102.0,1578143.686,-0.01031355106373569,1.5448466682038315,-0.9232544720138619,-0.10375835831218494,0.24210283606178667,0.3804473138113884,8.618931994189031,86.02199999999999,,-0.19994885029410714,,-0.29036004645760505,,,,
688981.SH,2025-07-10,85.61,86.17,85.5,85.67,85.85,-0.18,-0.2097,175639.46,1506706.468,-0.0020988813675318933,0.7804309842749001,0.07008527041233767,-0.2795573675014501,0.5824111822947001,0.12813046010483337,8.57840526268983,85.908,,-0.27704055501234226,,-0.6609461966604724,,,,
688981.SH,2025-07-11,85.7,89.34,85.4,88.16,85.67,2.49,2.9065,469922.38,4128335.55,0.02865063942865172,4.5990428388000435,2.870478413068837,0.035018092681219956,1.3773783121279406,0.350180926812183,8.78514351668035,86.38,,2.060662190321838,,2.750582750582753,,,,
688981.SH,2025-07-14,88.3,88.49,87.47,87.52,88.16,-0.64,-0.726,189831.36,1667925.619,-0.007286006730933319,1.1569872958257668,-0.8833522083805223,0.15880217785843986,0.21551724137930778,0.05671506352086793,8.786354472727794,86.78799999999998,,0.8434345762087014,,2.386523163313048,,,,
688981.SH,2025-07-15,87.15,87.95,86.61,87.89,87.52,0.37,0.4228,206173.16,1800356.659,0.004218693902882921,1.5310786106032945,0.8491107286287949,-0.4227605118829872,0.06855575868373204,0.6170018281535721,8.732255250877467,87.018,,1.002091521294446,,1.325801245100311,,,,
688981.SH,2025-07-16,87.73,88.2,86.77,87.12,87.89,-0.77,-0.8761,196708.51,1720548.788,-0.008799553951848811,1.627033792240308,-0.6953151715490703,-0.18204573899191784,0.5347593582887687,0.39822505404483843,8.746692189371979,87.272,,-0.17416811806765242,,1.479324403028559,,,,
688981.SH,2025-07-17,87.06,89.0,86.32,88.79,87.12,1.67,1.9169,287922.16,2535637.954,0.018987552419530342,3.0762167125803566,1.9871353089823156,-0.06887052341598057,0.24104683195591567,0.8494031221304053,8.806678700937782,87.896,,1.0171111313370451,,3.6418816388467334,,,,
688981.SH,2025-07-18,88.75,89.13,87.93,88.51,88.79,-0.28,-0.3154,219959.93,1948101.635,-0.0031584910634498667,1.3515035476967998,-0.27042253521126186,-0.04505011825656746,0.42797612343731883,0.6532267147201242,8.856620544478261,87.96600000000001,,0.6184207534729369,,0.39700544464611465,,,,
688981.SH,2025-07-21,88.45,89.52,88.04,89.02,88.51,0.51,0.5762,222719.15,1983498.56,0.005745523606922525,1.6721274432267426,0.6444318824194383,-0.06778895040108719,0.5649079200090384,0.46322449440740776,8.905828528889412,88.266,,0.854236059184732,,1.7138939670932274,,,,
688981.SH,2025-07-22,88.7,90.55,88.5,89.08,89.02,0.06,0.0674,297420.68,2662984.479,0.0006737788014585373,2.302853291395189,0.42841037204058113,-0.359469782071437,1.6513143113906974,0.22466861379465608,8.953595556973374,88.50399999999999,,0.6508180421223919,,1.3539651837524147,,,,
688981.SH,2025-07-23,88.9,90.19,88.3,89.39,89.08,0.31,0.348,316549.41,2831683.379,0.003473976710594302,2.121688370004491,0.5511811023621989,-0.20206555904803838,0.8980691513246488,0.6735518634934986,8.945470405394218,88.958,,0.48562242856180493,,2.605601469237828,,,,
688981.SH,2025-07-24,89.1,92.9,89.0,91.75,89.39,2.36,2.6401,522324.53,4779308.503,0.026058667834918402,4.362904127978527,2.9741863075196475,-0.3244210761830252,1.286497371070596,0.11186933661482751,9.150074768650056,89.55,,2.4567280848687867,,3.3337087509854646,,,,
688981.SH,2025-07-25,91.74,93.68,90.99,93.47,91.75,1.72,1.8747,442124.79,4076414.682,0.018573042259812458,2.9318801089918387,1.8857641159799476,-0.010899182561313479,0.22888283378747462,0.8174386920980926,9.220054550662043,90.542,,3.2338583198957327,,5.6038865664896464,,,,
688981.SH,2025-07-28,93.64,93.69,91.96,92.18,93.47,-1.29,-1.3801,342640.05,3167887.757,-0.01389734190212975,1.8508612389001862,-1.559162750961121,0.1818765379266093,0.05349309939017562,0.23536963731680013,9.245526776569173,91.174,,1.1033847368767447,,3.5497640979555323,,,,
688981.SH,2025-07-29,92.0,92.63,90.81,92.17,92.18,-0.01,-0.0108,294142.08,2699803.673,-0.0001084892867893667,1.9743979171186734,0.18478260869565402,-0.1952701236710857,0.4990236493816378,1.290952484269904,9.178570006032459,91.792,88.3465,0.4118005926442292,4.327845472089997,3.4687920969914687,,1.3084736842576303,2375394.4406,1.1365706793176031
688981.SH,2025-07-30,91.7,91.83,89.74,90.36,92.17,-1.81,-1.9638,310018.59,2815721.986,-0.019833006405770404,2.2675490940653176,-1.4612868047982588,-0.5099273082347824,0.1410437235542969,0.6726700661820598,9.082429495598957,91.98600000000002,88.5595,-1.7676602961320453,2.0330963928206547,1.0851325651638932,4.947735191637648,1.3147963492495711,2418418.6267999997,1.1642822937258401
688981.SH,2025-07-31,90.32,92.75,89.46,89.5,90.36,-0.86,-0.9517,461988.52,4187082.774,-0.009563066318992862,3.640991589198767,-0.9078830823737746,-0.0442673749446727,2.689243027888454,0.0442673749446727,9.06317493343774,91.53600000000002,88.7225,-2.224261492746038,0.8763278762433435,-2.452316076294281,3.7801484230055804,1.3420180680699927,2564756.21305,1.6325461081623562
688981.SH,2025-08-01,89.2,90.33,88.02,88.29,89.5,-1.21,-1.352,274140.33,2439842.712,-0.013611774367318535,2.5810055865921813,-1.0201793721973056,-0.3351955307262538,1.2625698324022296,0.30167597765364274,8.89997729265154,90.5,88.84700000000001,-2.4419889502762415,-0.6269204362555847,-5.541885096822508,2.902097902097922,1.3779912128185952,2578427.7331,0.9462521212749362
688981.SH,2025-08-04,87.95,90.63,87.88,90.07,88.29,1.78,2.0161,286057.6,2568808.038,0.01996029488216016,3.114735530637671,2.4104604889141448,-0.385094574697025,0.6342734171480374,0.07928417714351273,8.980037719676039,90.078,89.07650000000001,-0.00888119185595837,1.1153334493384737,-2.2889997830332076,5.369677117454352,1.4325489944776573,2648748.2566,0.9698196238918481
688981.SH,2025-08-05,89.85,90.58,89.58,90.0,90.07,-0.07,-0.0777,195679.4,1761818.589,-0.0007774754653863351,1.1102475852115024,0.16694490818030683,-0.24425446874652923,0.6439435994226694,0.2997668480071012,9.003597665364877,89.64399999999999,89.2395,0.3971264111374051,0.852201099288985,-2.3543452316371893,3.758358312197374,1.4057670078250781,2643030.57455,0.666590317177835
688981.SH,2025-08-06,89.86,91.0,89.53,90.78,90.0,0.78,0.8667,267797.87,2418543.09,0.00862932669805442,1.6333333333333322,1.0238148230580923,-0.1555555555555562,0.2444444444444432,0.36666666666666475,9.031226013858886,89.72800000000001,89.486,1.172432239657617,1.4460362514806757,0.4648074369189903,5.742574257425748,1.382833017081809,2685050.5447500004,0.9007439709948497
688981.SH,2025-08-07,90.7,91.7,89.75,90.59,90.78,-0.19,-0.2093,315259.94,2859638.85,-0.002095165347123045,2.1480502313284897,-0.12127894156560026,-0.08812513769552577,1.1015642211940955,0.925313945803044,9.070733344680583,89.946,89.732,0.7159851466435496,0.9561806267552209,1.2178770949720752,5.742967199719851,1.3828254336207522,2752697.1638499997,1.038849782516733
688981.SH,2025-08-08,88.0,88.5,86.66,86.66,90.59,-3.93,-4.3382,584730.5,5098977.106,-0.0443514153694331,2.0311292637156453,-1.5227272727272767,-2.859035213599739,0.5519372999227288,0.0,8.720217443762554,89.62,89.65700000000001,-3.3028341887971546,-3.3427395518476177,-1.8461886963416108,-1.701451905626139,1.5937686812609981,2801229.24165,1.8202641291137471
688981.SH,2025-08-11,86.69,87.18,86.22,86.96,86.66,0.3,0.3462,279193.14,2423559.078,0.0034558265011906644,1.1077775213478054,0.31145460837466377,0.03461804754211994,0.25386568197555165,0.5423494114931905,8.680582474196894,88.998,89.62899999999999,-2.2899390997550673,-2.977830836001738,-3.4528699900077675,-0.6398537477148136,1.588693946545235,2839010.9146,0.8536631773891808
688981.SH,2025-08-12,86.95,90.1,86.42,88.52,86.96,1.56,1.7939,551552.4,4870773.398,0.01778027236989485,4.231830726770921,1.8056354226566915,-0.011499540018388805,1.8169273229070817,0.6094756209751624,8.831025661387748,88.702,89.6605,-0.20518139388063794,-1.272020566470189,-1.6444444444444484,0.7168050972806927,1.6376360734061315,2992531.7515499997,1.6276430134708357
688981.SH,2025-08-13,88.01,89.23,88.0,88.66,88.52,0.14,0.1582,384304.42,3405728.487,0.0015803141340586446,1.389516493447813,0.7385524372230331,-0.5761409850881054,0.6439222774514318,0.011296882060557067,8.862059111888435,88.27799999999999,89.7375,0.43272389496817887,-1.2007243348655772,-2.3353161489314878,1.7676767676767513,1.6231667002952497,3076790.7365,1.106909367152536
688981.SH,2025-08-14,88.69,92.58,88.69,89.46,88.66,0.8,0.9023,741492.26,6741604.128,0.008982768687794507,4.387547935935034,0.8681925808997588,0.03383713061132544,3.519061583577718,0.0,9.091941334627013,88.05199999999999,89.771,1.5990551038022938,-0.3464370453710064,-1.2473782978253745,0.754589480797363,1.5786464806749385,3287089.0452,2.0509344393467175
688981.SH,2025-08-15,89.0,93.3,88.48,91.84,89.46,2.38,2.6604,690499.46,6288369.53,0.026256334566554396,5.387882852671578,3.1910112359550604,-0.5141962888441692,1.632014308070639,0.5812653699977599,9.10698689033008,89.088,89.9375,3.0890804597701216,2.1153578874218315,5.97738287560583,3.7622867472602017,1.679458073026127,3504102.4399499996,1.7945735428013714
688981.SH,2025-08-18,93.5,95.17,91.36,92.31,91.84,0.47,0.5118,833423.13,7749849.746,0.0051045454308037445,4.148519163763068,-1.2727272727272703,1.8074912891986026,1.8183797909407682,1.0344076655052297,9.298817691800803,90.15799999999999,90.102,2.3869207391468583,2.45055603649198,6.152253909843619,3.695798696922048,1.6787570480002538,3792419.99925,2.0435104095887673
688981.SH,2025-08-19,91.67,92.48,89.35,89.35,92.31,-2.96,-3.2066,744652.14,6762914.098,-0.032591236396623216,3.390748564619228,-2.5308170611977827,-0.6933160004333231,0.8774780630484263,0.0,9.081977657379726,90.324,90.1155,-1.078340197511185,-0.8494654082816022,0.9376412110257526,0.303098338572072,1.843418543130641,3997416.4802,1.6918212379165545
688981.SH,2025-08-20,89.4,92.49,88.19,92.28,89.35,2.93,3.2792,858745.56,7756060.795,0.03226619170011591,4.812534974818128,3.221476510067109,0.055959709009525876,0.23503077783994822,1.3542249580302272,9.031849661033473,91.048,90.26,1.353132413671898,2.2379791712829666,4.0830137604331185,3.233023828168702,1.981280295295523,4243635.351,1.8276925686304097
688981.SH,2025-08-21,92.3,94.11,90.8,91.05,92.28,-1.23,-1.3329,606826.05,5593619.618,-0.01341862713193598,3.5869094061551823,-1.3542795232936078,0.02167316861724753,1.961421759861294,0.270914607715648,9.217830411202682,91.366,90.225,-0.34586169910032494,0.9143807148794814,1.7773306505700859,-0.7629427792915533,1.919640428665853,4284350.906749999,1.3055932484865436
688981.SH,2025-08-22,92.5,105.0,92.42,103.97,91.05,12.92,14.19,2061948.09,20322967.7,0.13269358981626184,13.816584294343764,12.399999999999999,1.5925315760571146,1.1312465678198804,0.08786381109280428,9.856197543750968,93.792,90.75,10.85167178437394,14.567493112947648,13.207752613240409,11.233550871937513,3.7047835233689854,5096678.55765,3.9874925346225107
688981.SH,2025-08-25,106.0,109.24,101.1,103.17,103.97,-0.8,-0.7695,1760636.98,18348502.386,-0.007724282877594296,7.829181494661923,-2.6698113207547154,1.952486294123306,3.1162835433298017,1.9909589304607171,10.421513687620035,95.96399999999998,91.2995,7.509065899712408,13.001714138631648,11.764705882352944,11.922325884139727,3.690136874978887,5855709.289100001,3.1334380653347105
688981.SH,2025-08-26,101.0,102.57,100.13,100.93,103.17,-2.24,-2.1712,856074.09,8663988.281,-0.021950905861516323,2.365028593583404,-0.06930693069306255,-2.103324609867211,1.5217602016089884,0.7754192110109639,10.120605660428293,98.28,91.7375,2.696377696377694,10.020438751873574,12.960268606603265,9.504177064120656,3.7410164439874105,6153918.5194999995,1.4078815397939233
688981.SH,2025-08-27,102.2,106.69,100.59,101.51,100.93,0.58,0.5747,1422620.71,14762335.293,0.005730108545571549,6.043792727633007,-0.6751467710371798,1.2582978301793282,4.448627761815114,0.9115228376102266,10.376859544663876,100.126,92.295,1.3822583544733646,9.984289506473809,10.002167316861721,12.33953076582559,3.6951790596311893,6751249.18485,2.1866079726589134
688981.SH,2025-08-28,102.0,119.22,101.99,119.22,101.51,17.71,17.4466,2420325.11,27118768.322,0.16081320999544071,16.973697172692347,16.88235294117647,0.48271106294945804,0.0,0.009851246182647145,11.20459735345224,105.76000000000002,93.781,12.726928895612687,27.125963681342704,30.939044481054378,33.206703910614536,5.242888513152088,7897833.46225,3.4336971590528047
688981.SH,2025-08-29,114.0,116.0,112.26,114.76,119.22,-4.46,-3.741,1639670.37,18711478.532,-0.03812753467861636,3.1370575406810897,0.6666666666666712,-4.378459989934574,1.0400939439691286,1.4594866633115207,11.411731817779936,107.918,95.1045,6.339998888044618,20.66726600739188,10.377993652015016,29.980745271265153,5.339162168875622,8711415.25325,2.1479263687974512
688981.SH,2025-09-09,102.0,108.65,101.2,102.99,114.76,-11.77,-10.2562,1574695.7,16482005.03,-0.10821109497545373,6.491808992680379,0.9705882352941126,-11.118856744510285,4.9320320669222815,0.6971070059254071,10.46678734818416,107.88200000000002,95.7505,-4.534584082608795,7.560796027174788,-0.17446932247746627,14.344398800932613,5.9413249069192435,9407075.102850001,1.752086046916597
688981.SH,2025-09-10,103.0,105.96,102.13,103.91,102.99,0.92,0.8933,1039925.7,10822524.036,0.00889324372684497,3.718807651228273,0.8834951456310646,0.009709680551514823,1.990484513059518,0.8447422079813619,10.407016612821474,108.478,96.446,-4.210992090562138,7.739045683594958,2.9525413653026744,15.455555555555556,5.9374714463668,9860110.3752,1.0976067837151853
688981.SH,2025-09-11,102.62,112.8,99.98,110.28,103.91,6.37,6.1303,1467501.66,15776091.423,0.059497446291040756,12.33759984602059,7.4644318846228765,-1.2414589548647792,2.4251756327591147,2.5406601867000296,10.75030567461164,110.232,97.42099999999999,0.04354452427608457,13.199412857597448,8.639542902177123,21.480502313284866,6.052397600081615,10527987.79185,1.4984906645895524
688981.SH,2025-09-12,109.28,112.49,108.01,108.42,110.28,-1.86,-1.6866,1159022.04,12730296.246,-0.01701001232340381,4.062386652158134,-0.7869692532942894,-0.9067827348567283,2.910772578890092,0.3717809212912555,10.983653292736347,108.072,98.3125,0.32200755052187446,10.280991735537182,-9.05888273779567,19.682084115244503,6.078728715107167,11021520.661649998,1.155039911170859
688981.SH,2025-09-15,110.55,112.55,107.5,108.66,108.42,0.24,0.2214,946836.18,10395575.384,0.002211167291184892,4.657812211769043,-1.709633649932158,1.9645821804095143,1.8446781036709092,1.0699133001291243,10.979275616611945,106.852,99.4125,1.6920600456706403,9.302150132025645,-5.315440920181258,25.38656819755365,5.9493780583639255,11286350.575550001,0.9210750024476718
688981.SH,2025-09-16,109.0,111.86,108.09,109.78,108.66,1.12,1.0307,866259.24,9501062.259,0.010254621998366195,3.4695380084667735,0.7155963302752304,0.3129026320633199,1.9142278667402892,0.8374746916988741,10.96792024867752,108.21,100.5535,1.450882543203047,9.175712431690597,6.5928730944752045,26.24195032198713,5.9455868642566365,11640225.7346,0.816226633024698
688981.SH,2025-09-17,110.8,120.8,109.8,117.39,109.78,7.61,6.932,1528475.61,17861084.416,0.06702336176868769,10.02004008016032,5.947653429602892,0.9291309892512262,3.106212424849696,0.9109127345600291,11.685554090064937,110.90599999999999,101.99699999999999,5.84639244044507,15.091620341774782,12.97276489269561,32.61409850881159,6.07619366453383,12289741.285500001,1.4533328245952033
688981.SH,2025-09-18,119.98,127.49,116.35,122.15,117.39,4.76,4.0549,1931567.78,23495279.107,0.03974807281331866,9.48973507113042,1.8086347724620784,2.2063208109719765,4.548939432660354,3.092256580628682,12.163838799899635,113.28,103.6715,7.830155367231639,17.82408858750959,10.763511062749377,37.773516805774875,6.090379924334511,13294218.8165,1.7673305540780664
688981.SH,2025-09-19,123.0,127.4,120.11,121.34,122.15,-0.81,-0.6631,1449106.23,17943778.048,-0.006653275189597724,5.968072042570615,-1.3495934959349567,0.6958657388456768,3.6021285304952975,1.00695865738846,12.38265192469706,115.864,105.2655,4.726230753296967,15.270435232816059,11.916620549714075,35.63603845293988,6.112315597209845,13854327.5125,1.2951749575582296
688981.SH,2025-09-22,120.54,129.83,119.05,128.92,121.34,7.58,6.2469,1588281.47,19858613.711,0.06059553443308522,8.88412724575574,6.952049112327842,-0.6593044338223151,0.7499587934729067,1.2279545079940737,12.503208081247715,119.91600000000001,107.11950000000002,7.508589345875416,20.351569975587978,18.645315663537644,40.37456445993028,6.193890029042203,14532839.721549999,1.3664647853751999
688981.SH,2025-09-23,127.64,129.33,122.63,128.51,128.92,-0.41,-0.318,1441273.53,18120121.818,-0.0031853346281872316,5.197021408625518,0.6816045126919386,-0.9928637914985936,0.6360533664288098,3.886130933912508,12.572299040280022,123.66199999999999,108.9295,3.9203635716711593,17.975387750792926,17.06139551830934,39.2156862745098,6.2063339162058755,15051353.325150002,1.2038865493724242
688981.SH,2025-09-24,126.88,137.98,126.23,134.98,128.51,6.47,5.0346,1460947.53,19497523.266,0.049119896996210534,9.143257334059596,6.383984867591421,-1.2683837833631588,2.3344486810364953,0.5057972142245674,13.3458066533026,127.17999999999999,111.21099999999998,6.13303978612989,21.372885775687656,14.984240565635897,51.068830442081705,6.126513636600131,15688083.78355,1.2428237594220686
688981.SH,2025-09-25,133.0,137.8,132.31,134.11,134.98,-0.87,-0.6445,1032583.21,13953307.668,-0.006466260592411476,4.067269225070388,0.8345864661654238,-1.466883982812261,2.733738331604681,0.5111868424951829,13.513010412013188,129.572,113.30250000000001,3.502299879603621,18.364555062774436,9.791240278346303,45.32943216298224,6.154741564252461,15997946.127200002,0.872193690181037
688981.SH,2025-09-26,132.71,135.95,131.2,132.27,134.11,-1.84,-1.372,912445.19,12181639.386,-0.013815070684892818,3.541868615315785,-0.3315499962323847,-1.04391917082992,2.4159272239206477,0.7978525091343088,13.350543703342883,131.75799999999998,115.3635,0.38859120508814016,14.654981861680705,9.007746827097417,45.27182866556838,6.15588165460908,16327347.1156,0.7460880999069975
688981.SH,2025-09-29,131.0,136.02,129.16,136.02,132.27,3.75,2.8351,1027207.23,13627566.349,0.027956645709536616,5.186361230815765,3.832061068702298,-0.9601572541014668,0.0,1.391093974446211,13.266618410581085,133.178,116.96600000000001,2.1339860937992894,16.29020399090333,5.507291343468834,30.82619986534578,5.462523780952691,15992577.048050001,0.8521182238519607
688981.SH,2025-09-30,138.5,142.0,136.6,140.13,136.02,4.11,3.0216,986229.0,13794113.059,0.029768629434633504,3.970004411116016,1.1768953068592025,1.823261285105124,1.3747978238494372,1.3968534039111935,13.986724238488222,135.502,118.81400000000001,3.4154477424687357,17.94064672513338,9.042097891214706,35.824367548706014,5.445781468340522,15764857.5817,0.8749912891704357
688981.SH,2025-10-09,144.0,153.0,137.0,138.91,140.13,-1.22,-0.8706,1662841.1,24249284.345,-0.008744321772828497,11.41796902875901,-3.5347222222222245,2.7617212588310887,6.422607578676944,1.3630200528081045,14.583043650412536,136.288,120.71300000000001,1.9238671049542022,15.074598427675557,2.9115424507334398,37.6300406222134,5.40500444495411,16544122.3849,1.4657341006575595
688981.SH,2025-10-10,134.87,134.94,127.17,127.95,138.91,-10.96,-7.89,1617420.76,21074152.02,-0.08218667880350009,5.593549780433371,-5.130866760584268,-2.908357929594696,0.05039234036425972,0.5615146497732353,13.029480356119578,135.056,122.035,-5.261521146783565,4.846970131519646,-4.593244351651638,26.04669490690572,5.817049098631946,16859713.22125,1.2499709659022027
688981.SH,2025-10-13,126.0,136.48,126.0,136.47,127.95,8.52,6.6589,1402994.86,18642587.057,0.06446524764422455,8.190699491989049,8.309523809523808,-1.5240328253223938,0.007815552950364131,0.0,13.287708735440413,135.89600000000002,122.89750000000001,0.42238182139282543,11.043755975508041,3.175323202540259,14.469048817312524,4.6200186348764065,16435904.157999998,1.134259903062645
688981.SH,2025-10-14,136.96,137.8,125.8,127.2,136.47,-9.27,-6.7927,1321004.03,17321652.001,-0.07034415934400057,8.793141349747208,-7.126168224299069,0.35905327178135055,0.6155198944823064,1.025866490803844,13.112489899822636,134.132,123.5195,-5.168043419914714,2.9796914657199913,-6.484340538156164,10.840013942140114,4.823151261309734,16366412.83145,1.0583658239216838
688981.SH,2025-10-15,127.18,129.73,124.6,129.56,127.2,2.36,1.8553,807987.26,10284318.328,0.01838344339710683,4.0330188679245245,1.8713634219216821,-0.015723270440248443,0.13364779874212854,2.028301886792463,12.728317434113999,132.01799999999997,124.848,-1.8618673211228565,3.774189414327833,-7.542995789623919,25.798621225361696,4.08908522029265,16056528.49635,0.6405069645246075
688981.SH,2025-10-16,127.8,130.28,126.6,127.3,129.56,-2.26,-1.7444,612310.62,7841134.057,-0.017597588739767776,2.840382834208094,-0.39123630672926446,-1.3584439641864812,1.9141710404445849,0.5402902130287147,12.805810973848535,129.696,126.0175,-1.8473969898840426,1.0177157934413872,-8.357929594701607,22.509864305649117,4.142831465111245,15907458.9974,0.49292184617804746
688981.SH,2025-10-17,126.85,127.32,120.87,121.98,127.3,-5.32,-4.1791,820528.98,10097285.54,-0.04268940869505056,5.066771406127249,-3.8391801340165475,-0.35349567949725286,0.3692065985860164,0.8719560094265509,12.305824396354653,128.502,126.6025,-5.075407386655462,-3.6511917221223933,-4.665885111371626,10.609357997823722,4.125592921546645,15623518.70325,0.6462875445529159
688981.SH,2025-10-20,124.1,125.18,121.69,122.63,121.98,0.65,0.5329,571239.35,7060333.63,0.005314594905624368,2.861124774553213,-1.1845286059629323,1.737989834399074,0.88539104771275,0.7706181341203457,12.35967660491176,125.734,127.31300000000002,-2.468703771454017,-3.6783360693723455,-10.141423023375108,13.106437926581815,4.090935510623328,15340020.572449997,0.46025581234747814
688981.SH,2025-10-21,123.8,127.85,122.61,127.19,122.63,4.56,3.7185,784150.88,9888217.346,0.03651033968945841,4.2730163907689755,2.7382875605815835,0.9540895376335332,0.5382043545625023,0.9703987604990604,12.610095325022145,125.732,128.2395,1.1596093277765451,-0.8183905894829535,-0.007861635220129948,17.053193447450777,4.143908865526542,15314652.670549998,0.6456703628032645
688981.SH,2025-10-22,125.42,129.27,123.81,126.81,127.19,-0.38,-0.2988,653954.11,8265031.817,-0.0029921282165848184,4.292790313703914,1.1082761919948976,-1.3916188379589558,1.9341143171633053,1.2658227848101262,12.638550153006914,125.18199999999999,129.091,1.3005064625904783,-1.7669705866404373,-2.1225686940413713,15.51284386955729,4.151890958647637,15252851.148450002,0.5418679915354642
688981.SH,2025-10-23,125.18,128.5,124.01,128.3,126.81,1.49,1.175,634264.02,8038110.025,0.01168136837478261,3.5407302263228413,2.492410928263304,-1.2853875877296705,0.1577162684330799,0.9226401703335713,12.673129440638931,125.38199999999999,129.6365,2.327287808457368,-1.0309596448531133,0.7855459544383381,9.293806968225592,3.8965265599633723,14761702.4289,0.544524594213689
688981.SH,2025-10-24,130.3,134.8,128.9,134.06,128.3,5.76,4.4895,1024466.21,13548726.657,0.04391618930822076,4.598597038191742,2.8856485034535617,1.5588464536243178,0.5767731878410047,1.091192517537027,13.225157184051977,127.798,130.232,4.899920186544393,2.939369740156028,9.903262829972114,9.750306999590673,3.9184392063912643,14264374.806400001,0.9498296869569838
688981.SH,2025-10-27,137.5,137.5,132.3,134.5,134.06,0.44,0.3282,1012643.04,13623206.912,0.003276738112082234,3.8788602118454336,-2.181818181818182,2.566015217066983,0.0,1.6410562434730633,13.453118595472695,130.172,130.89,3.324831761054603,2.7580411032164465,9.679523770692322,10.845557936377116,3.9086807038746585,14048346.249599999,0.969737410365145
688981.SH,2025-10-28,133.0,135.8,132.0,132.69,134.5,-1.81,-1.3457,695189.45,9299045.972,-0.013548618493548693,2.8252788104089306,-0.23308270676691897,-1.1152416356877324,2.081784386617109,0.5130111524163552,13.376276023751512,131.272,131.07850000000002,1.080199890304101,1.2294159606647703,4.324239326991108,2.924294135898231,3.6930348684915946,13520367.862649998,0.6877805446173254
688981.SH,2025-10-29,132.0,134.53,130.31,133.0,132.69,0.31,0.2336,688460.74,9111437.51,0.0023335476734086956,3.180345165423166,0.7575757575757576,-0.5200090436355398,1.1530635315396798,1.273645338759513,13.234505587057876,132.51,131.303,0.3697834125726329,1.2924304852135915,4.881318508004107,3.493891525951298,3.6909457216417114,13069933.64725,0.6971295919254422
688981.SH,2025-10-30,133.0,133.0,128.51,128.55,133.0,-4.45,-3.3459,692863.97,9018982.748,-0.03403119450985522,3.375939849624067,-3.345864661654127,0.0,0.0,0.0300751879699402,13.016960238241282,132.56,130.9815,-3.02504526252263,-1.8563690292140445,0.1948558067030426,-4.763668691658007,3.5920351890602853,12546006.62135,0.7188727871904727
688981.SH,2025-10-31,128.03,128.7,124.18,124.18,128.55,-4.37,-3.3995,691668.89,8692098.673,-0.03458580777515181,3.5161415791520665,-3.007107709130668,-0.4045118630883004,0.5211979774406749,0.0,12.56684925210385,130.584,130.48499999999999,-4.904123016602336,-4.831973023719183,-7.369834402506337,-7.40436954738648,3.6628423525245197,12282946.1716,0.7076558466972221
688981.SH,2025-11-03,122.0,122.6,117.55,120.21,124.18,-3.97,-3.197,747709.27,8940382.093,-0.032491912620584,4.06667740376872,-1.4672131147541034,-1.755516186181355,0.48316959252697234,2.1420518602029284,11.957029893450432,127.726,129.882,-5.884471446690576,-7.446759366193934,-10.62453531598514,-9.117713767294177,3.7128338473994127,12120883.30695,0.7376015317195299
688981.SH,2025-11-04,121.0,122.66,119.0,119.88,120.21,-0.33,-0.2745,477384.17,5770504.489,-0.002748970867700442,3.0446718243074593,-0.9256198347107475,0.657183262623747,1.38091672905748,0.7320522419099872,12.087758354031722,125.16400000000002,129.075,-4.2216611805311555,-7.123765252760017,-9.654080940538101,-11.865902073224532,3.6340283471180967,11728030.213949999,0.4920267413820462
688981.SH,2025-11-05,116.9,121.1,116.5,119.78,119.88,-0.1,-0.0834,485016.0,5753269.424,-0.0008345156121460423,3.8371705038371657,2.463644140290843,-2.485819152485811,1.1011011011010954,0.33366700033367175,11.862019859138666,122.52000000000001,128.05749999999998,-2.2363695723147337,-6.463893172988677,-9.939849624060148,-14.522229358452865,3.5377334174469737,11325988.0322,0.5079706430594263
688981.SH,2025-11-06,121.9,125.99,121.05,124.85,119.78,5.07,4.2328,731507.65,9060521.121,0.04145628988946583,4.124227750876605,2.420016406890885,1.7699115044247826,0.9517448655869098,0.7096343296042816,12.38609209486736,121.78,127.3545,2.5209393989160667,-1.966557915110978,-2.878257487359015,-10.121661507450874,3.7064386859789065,10566549.871000001,0.8574720444813011
688981.SH,2025-11-07,122.93,124.18,122.05,122.11,124.85,-2.74,-2.1946,382292.14,4694221.497,-0.022190738880851667,1.7060472567080573,-0.6670462865045208,-1.537845414497387,1.001201441730076,0.04805766920304548,12.279147295573486,121.36600000000001,127.0625,0.6130217688644191,-3.897688145597644,-1.6669350942180805,-4.564282923016805,3.3028700273159552,9747553.34485,0.48157946214063396
688981.SH,2025-11-10,122.13,122.95,118.76,120.01,122.11,-2.1,-1.7198,395832.71,4749065.264,-0.017347205201580392,3.431332405208417,-1.7358552362236883,0.016378674965192058,0.6715256735730141,1.0236671853247072,11.997657454837425,121.326,126.23949999999999,-1.0846809422547454,-4.93466783376042,-0.16637550952498525,-12.06125888473657,2.89586336450716,9052877.2552,0.5245918098880799
688981.SH,2025-11-11,120.6,121.47,117.53,117.73,120.01,-2.28,-1.8998,342530.08,4073862.296,-0.019181205553244596,3.283059745021246,-2.3797678275290135,0.4916256978585028,0.7249395883676398,0.16665277893509112,11.893443915932872,120.896,125.766,-2.6187797776601296,-6.389644259974869,-1.7934601267934558,-7.44496855345912,2.528595286189962,8390487.76995,0.4855334287704082
688981.SH,2025-11-12,117.0,119.8,115.74,119.63,117.73,1.9,1.6139,457015.52,5405408.039,0.016009779092707357,3.448568759024889,2.2478632478632443,-0.6200628556867442,0.14439819926951644,1.0702454769387626,11.827624670164374,120.86600000000001,125.26950000000002,-1.0226200916717887,-4.5018939167155825,-0.1252295875772247,-7.664402593393027,2.5180392600666166,8146542.255499999,0.6635217580011484
688981.SH,2025-11-13,118.99,123.33,117.8,123.1,119.63,3.47,2.9006,549888.53,6638319.087,0.028593387007595016,4.62258630778233,3.4540717707370363,-0.5349828638301435,0.19225946668896096,0.9947337624341702,12.072117756302355,120.51599999999999,125.0595,2.144113644661294,-1.5668541774115585,-1.4016820184221013,-3.2992930086410133,2.5973619996723785,8086401.507000001,0.8209237546829122
688981.SH,2025-11-14,123.0,125.5,117.89,118.18,123.1,-4.92,-3.9968,775293.52,9432871.553,-0.04078814727287922,6.181965881397238,-3.918699186991864,-0.08123476848090522,2.030869212022746,0.23558082859464358,12.166839151448086,119.72999999999999,124.86949999999999,-1.2945794704752212,-5.357192909397401,-3.218409630660879,-3.1152647975077885,2.5827039010349297,8053180.80765,1.1713224598210166
688981.SH,2025-11-17,116.82,119.29,116.51,117.63,118.18,-0.55,-0.4654,421773.41,4961789.944,-0.004664780945178714,2.352343882213573,0.6933744221879835,-1.1507869351836297,1.4046369944153079,0.2623117278727264,11.764112735319186,119.25399999999999,124.61949999999999,-1.3617991849329991,-5.6086728000032,-1.9831680693275677,-4.077305716382618,2.578932502631965,7948253.62335,0.6242616528269167
688981.SH,2025-11-18,117.5,120.18,117.13,117.96,117.63,0.33,0.2805,473915.08,5629538.134,0.00280147897472541,2.592875967015227,0.39148936170212234,-0.11051602482359557,1.8872736546799398,0.3145456091133253,11.878790888021541,119.3,124.15800000000002,-1.1232187761944679,-4.9920262890832845,0.1953622695999302,-7.256859816023276,2.4150199457550507,7735319.662750001,0.7277705873112721
688981.SH,2025-11-19,117.99,118.49,115.51,116.28,117.96,-1.68,-1.4242,415119.56,4848790.041,-0.014344508256400252,2.5262800949474316,-1.4492753623188355,0.025432349949136263,0.423872499152255,0.6527636486944693,11.680466323967003,118.63,123.63149999999999,-1.9809491696872628,-5.946300093422785,-2.8003009278608992,-8.30376153300213,2.426886308545428,7564507.57395,0.6409921589209383
688981.SH,2025-11-20,117.99,118.29,116.46,116.78,116.28,0.5,0.43,344702.85,4045624.435,0.004290747164716302,1.5737874097007332,-1.025510636494613,1.4705882352941122,0.2579979360165216,0.27519779841761904,11.73655638472383,117.36600000000001,123.05550000000001,-0.49929281052435437,-5.099731422000653,-5.134037367993494,-8.97895557287608,2.4070007372957107,7364883.29445,0.5493127688864651
688981.SH,2025-11-21,113.86,116.08,113.0,113.0,116.78,-3.78,-3.2369,461358.62,5264860.634,-0.032904004143051016,2.6374379174516167,-0.7553135429474789,-2.500428155506081,1.9010104469943472,0.0,11.411644663754196,116.33,122.00250000000001,-2.8625462047623174,-7.378947152722293,-4.383144356067026,-15.709383857974046,2.1835297468174852,6950689.9933,0.7574587039667965
688981.SH,2025-11-24,112.99,113.5,108.18,111.51,113.0,-1.49,-1.3186,557908.63,6159093.355,-0.013273545735070084,4.7079646017699055,-1.309850429241517,-0.008849557522128421,0.45132743362832306,2.9469026548672552,11.03960939804785,115.106,120.853,-3.1240769377790856,-7.730879663723689,-5.202754399387899,-17.09293680297398,2.168626670759992,6577484.31545,0.9363904282573154
688981.SH,2025-11-25,112.5,113.96,111.37,111.68,111.51,0.17,0.1525,407223.82,4584278.768,0.0015233660367918963,2.322661644695533,-0.7288888888888828,0.8878127522195273,1.3092996143843545,0.27800197291722917,11.25739345994053,113.85,119.80250000000001,-1.9060166886253782,-6.779908599570128,-5.323838589352315,-15.83389856055467,2.17865646403683,6341745.95525,0.7228732907859413
688981.SH,2025-11-26,110.7,113.9,110.61,112.71,111.68,1.03,0.9223,419553.57,4731195.304,0.009180509239924715,2.9459169054441317,1.8157181571815635,-0.8775071633237856,1.0655444126074605,0.08058739255014631,11.276737089854818,113.136,118.78800000000001,-0.3765379719983031,-5.116678452368939,-3.0701754385965008,-15.255639097744368,2.2017657817736795,6122733.84495,0.7727259462539378
688981.SH,2025-11-27,113.8,116.8,112.56,112.71,112.71,0.0,0.0,523431.12,6012840.143,0.0,3.76186673764528,-0.9578207381370857,0.9670836660456069,2.6616981634282673,0.1330849081714058,11.487357005063055,112.322,117.99600000000001,0.34543544452554364,-4.479812875012723,-3.4851858194896446,-12.32205367561261,2.1239769387376746,5972426.7147,1.0067666679275493
688981.SH,2025-11-28,112.71,114.11,111.4,113.6,112.71,0.89,0.7896,308663.84,3486790.036,0.007865358033063779,2.4044006742968627,0.7896371218170531,0.0,0.45248868778281,1.1622748646969996,11.296399461627898,112.44200000000001,117.46700000000001,1.029864285587223,-3.2919883882281953,0.5309734513274211,-8.519890481559035,2.0418595980908627,5712161.28285,0.6104151937146138
688981.SH,2025-12-01,113.4,114.68,112.6,114.4,113.6,0.8,0.7042,327640.04,3724984.486,0.00701757265864654,1.8309859154929689,0.8818342151675485,-0.176056338028159,0.24647887323943762,0.7042253521126861,11.369136952858387,113.02000000000001,117.1765,1.2210228278180857,-2.3695024172935675,2.5916958120348,-4.833208551701185,1.9472030274486667,5451391.402500001,0.683308940959867
688981.SH,2025-12-02,114.1,114.19,112.7,113.0,114.4,-1.4,-1.2238,237771.82,2694922.636,-0.012313260233357014,1.3024475524475478,-0.9640666082383824,-0.2622377622377722,0.07867132867133164,0.26223776223775974,11.334070774240613,113.28399999999999,116.83250000000001,-0.25069736238126916,-3.280337234930353,1.1819484240687572,-5.739072405739066,1.9598894943270844,5297612.30985,0.5087051445779176
688981.SH,2025-12-03,112.8,113.69,111.13,111.62,113.0,-1.38,-1.2212,245413.59,2756774.41,-0.012287573352053011,2.265486725663719,-1.0460992907801354,-0.1769911504424804,0.787610619469027,0.43362831858407885,11.23317746991925,113.06599999999999,116.42450000000001,-1.2788990501123143,-4.126708725397155,-0.9670836660455984,-6.81248956420103,1.9704638209729066,5147787.55915,0.5355260640272415
688981.SH,2025-12-04,111.65,114.73,110.98,114.73,111.62,3.11,2.7862,387551.96,4392462.735,0.027481296450764133,3.359612972585558,2.758620689655171,0.026876903780685486,0.0,0.6002508511019545,11.333867941217482,113.47,115.9185,1.1104256631708775,-1.0252893196513013,1.7922100967083798,-8.105726872246688,1.8143861604511955,4914384.63985,0.8937970991082355
688981.SH,2025-12-05,114.0,114.88,112.5,114.18,114.73,-0.55,-0.4794,352653.66,4015690.336,-0.004805391274938459,2.0744356314826073,0.15789473684211125,-0.6362764752026531,0.6101281269066404,1.307417414799965,11.387065530526467,113.58599999999998,115.522,0.5229517722254773,-1.1616834888592664,0.5105633802817033,-6.494144623699938,1.7652697821177035,4880458.081800001,0.822810127388481
688981.SH,2025-12-08,114.21,118.0,114.18,117.2,114.18,3.02,2.6449,508359.77,5945081.548,0.026105726606799058,3.345594675074438,2.6179844146747304,0.02627430373093968,0.7006480994920277,0.02627430373093968,11.694634191844095,114.146,115.3815,2.675520824207589,1.5760758873822889,2.447552447552437,-2.3414715440379985,1.85087027612759,4940258.896,1.2033947356106336
688981.SH,2025-12-09,115.58,117.9,115.51,116.32,117.2,-0.88,-0.7509,371384.45,4333826.426,-0.007536863357703073,2.0392491467576797,0.6402491780584831,-1.3822525597269664,1.3481228668942085,0.059726962457332056,11.669380411592353,114.80999999999999,115.31099999999999,1.3152164445605852,0.8750249325736537,2.938053097345117,-1.1976556527648063,1.8095047804288127,4953257.1025,0.8749447759965131
688981.SH,2025-12-10,115.58,116.59,113.44,116.31,116.32,-0.01,-0.0086,315714.73,3624511.935,-8.5973434261727e-05,2.7080467675378315,0.6315971621387818,-0.636176066024755,0.24071526822558562,1.8397524071526827,11.480338389659552,115.748,115.14499999999998,0.4855375470850465,1.0117677710712814,4.20175595771366,-2.7752236061188595,1.7671090093858444,4864212.2973,0.7451385164689202
688981.SH,2025-12-11,116.53,117.14,113.5,113.61,116.31,-2.7,-2.3214,303108.96,3488207.042,-0.023487509769134354,3.129567535035681,-2.5057924997854646,0.18914968618347422,0.5244604935087261,0.09457484309173711,11.508096105110187,115.524,114.67049999999999,-1.6567985873065405,-0.9248237340902743,-0.9762050030506453,-7.709179528838339,1.6800600109895791,4706706.695049999,0.7411141734556171
688981.SH,2025-12-12,113.61,117.42,111.6,116.8,113.61,3.19,2.8079,584998.04,6734945.965,0.02769153981231353,5.1227884869289735,2.8078514215297927,0.0,0.545726608573193,1.769210456825988,11.512766717987635,116.048,114.60150000000002,0.6480077209430446,1.9183867575904179,2.2946225258363873,-1.1677102724657384,1.5975132422727618,4571810.41565,1.4731463802491152
688981.SH,2025-12-15,115.15,116.5,113.0,113.01,116.8,-3.79,-3.2449,342417.46,3933791.146,-0.032986760022067275,2.9965753424657535,-1.8584455058619196,-1.412671232876705,1.1558219178082143,0.008561643835620818,11.488290188239818,115.21,114.37049999999999,-1.9095564621126493,-1.1895549988851895,-3.5750853242320746,-3.9275694975771436,1.7495305788155049,4520410.47575,0.8702287473898769
688981.SH,2025-12-16,112.5,113.35,110.27,110.7,113.01,-2.31,-2.0441,323379.53,3605859.884,-0.020652470657468263,2.7254225289797347,-1.5999999999999976,-0.45128749668171414,0.7521458278028442,0.38049730112380037,11.150550821816086,114.08600000000001,114.00750000000001,-2.9679364689795484,-2.901124925991716,-4.831499312242082,-6.1546286876907335,1.793598543240872,4419226.56325,0.8159481828757312
688981.SH,2025-12-17,110.82,113.9,110.13,113.29,110.7,2.59,2.3397,343892.72,3848931.232,0.023127063170806105,3.4056007226739022,2.228839559646285,0.10840108401083137,0.55103884372177,0.6233062330623286,11.192243999814826,113.482,113.85800000000002,-0.16918982746161326,-0.4988670097841319,-2.5965093285186147,-2.5713794289645597,1.8656516123906357,4369233.6228,0.880916784104905
688981.SH,2025-12-18,112.8,115.72,112.75,112.8,113.29,-0.49,-0.4325,314700.29,3583327.202,-0.004334563821438762,2.6215906081737126,0.0,-0.4325183158266476,2.577456086150588,0.04413452202312398,11.386475690886718,113.32000000000001,113.65899999999999,-0.45887751500177654,-0.7557694507254076,-0.7129654079746528,-3.408117828395274,1.8623898151794647,4346118.761150001,0.8244890208779838
688981.SH,2025-12-19,113.2,115.48,113.0,113.63,112.8,0.83,0.7358,272612.5,3107493.842,0.007331216865959273,2.1985815602836913,0.3798586572438097,0.35460992907801925,1.6400709219858232,0.17730496453900962,11.398941141730479,112.686,113.6905,0.8377260706742495,-0.0532146485414442,-2.714041095890407,0.5575221238937944,1.723240901164825,4238250.42155,0.733202036906431
688981.SH,2025-12-22,114.6,121.44,114.6,120.45,113.63,6.82,6.0019,810113.69,9622360.396,0.05828717313096272,6.019537094077272,5.104712041884825,0.8536478042770387,0.8712487899322318,0.0,11.87779013585118,114.174,114.1375,5.496873193546681,5.530610009856529,6.583488186886122,8.017218186709707,2.1449205385600725,4411413.7736,2.1812418625486427
688981.SH,2025-12-23,120.5,121.58,119.02,119.9,120.45,-0.55,-0.4566,483601.42,5823920.043,-0.004576667027411755,2.125363221253634,-0.4979253112033148,0.04151100041510765,0.8966376089663747,0.7305936073059441,12.04281005419711,116.01400000000001,114.54849999999999,3.3495957384453545,4.671820233350954,8.310749774164417,7.3603151862464244,2.153046695040845,4473395.837350001,1.301901341789158
688981.SH,2025-12-24,122.5,124.38,121.11,123.41,119.9,3.51,2.9274,629560.98,7744549.16,0.028854083431623608,2.7272727272727235,0.7428571428571401,2.168473728106751,0.8090075062552117,1.1592994161801504,12.301507568019861,118.03799999999998,115.0835,4.5510767718870415,7.235181411757541,8.932827257480792,9.493390116227495,2.225225399322384,4624063.53015,1.6748362364625156
688981.SH,2025-12-25,123.0,125.99,122.66,123.08,123.41,-0.33,-0.2674,471809.58,5854142.202,-0.002677595011251088,2.698322664289764,0.06504065040650267,-0.3322259136212597,2.3579936796045673,0.2755044161737326,12.407849374317493,120.09400000000001,115.602,2.4863856645627402,6.468746215463406,9.113475177304963,9.200603318250389,2.2290467682751487,4616128.6331,1.2681930395142826
688981.SH,2025-12-26,122.58,124.79,121.16,122.1,123.08,-0.98,-0.7962,402397.99,4938389.58,-0.007994169337182163,2.949301267468321,-0.39158100832109966,-0.4062398440038999,1.795580110497244,0.76373090672733,12.272401211546807,121.78800000000001,116.027,0.25618287516009364,5.23412653951234,7.454017424975801,7.482394366197176,2.2450151722614704,4688708.6103,1.053251543325066
688981.SH,2025-12-29,123.0,125.65,122.02,122.5,122.1,0.4,0.3276,506831.61,6280270.177,0.0032706488681227067,2.9729729729729812,-0.40650406504065045,0.7371007371007419,2.1703521703521753,0.3931203931203964,12.39123616816244,122.19800000000001,116.43199999999999,0.24713988772320228,5.211625669918929,1.7019510170195096,7.0804195804195835,2.2437764424713667,4816472.89485,1.3039147762494754
688981.SH,2025-12-30,124.45,126.69,124.0,125.28,122.5,2.78,2.2694,604958.31,7582347.029,0.022440202257711258,2.195918367346937,0.6669345118521481,1.59183673469388,1.1510204081632625,0.3673469387755125,12.533668690326776,123.274,117.046,1.627269334977366,7.034841002682701,4.487072560467054,10.867256637168143,2.249443556363028,5060844.1145,1.4982376175696765
688981.SH,2025-12-31,125.99,126.2,122.4,122.83,125.28,-2.45,-1.9556,411586.85,5082728.445,-0.01974994669148996,3.0332056194125134,-2.508135566314784,0.5667305236270703,0.1676245210728033,0.34323116219667354,12.349103099382306,123.15799999999999,117.60650000000001,-0.26632455869695093,4.441506209265622,-0.4699781217081256,10.043003046049082,2.2854280866761942,5177141.81625,0.9817634180014819
688981.SH,2026-01-05,126.84,130.17,126.2,129.95,122.83,7.12,5.7966,911394.04,11742866.839,0.056348475536496176,3.2321094195229056,2.4519079154840626,3.264674753724664,0.17910933810958143,0.5210453472278764,12.884511334965499,124.532,118.36749999999999,4.3506889795393855,9.785202863961807,5.581735456613579,13.265928702170292,2.5297133021664497,5544662.02145,2.11786882474923
688981.SH,2026-01-06,129.0,134.2,128.77,131.84,129.95,1.89,1.4544,730696.95,9623978.218,0.01443930507366246,4.17853020392457,2.201550387596902,-0.7310504040015303,1.8160831088880225,0.17699115044247002,13.170957149882726,126.47999999999999,119.25050000000002,4.237824161922843,10.557188439461452,7.977067977067986,15.466806796286559,2.521027087497222,5825076.415549999,1.6521634278151032
688981.SH,2026-01-07,131.84,132.82,128.85,129.98,131.84,-1.86,-1.4108,598040.86,7783876.099,-0.014208473694958817,3.0112257281553387,-1.4108009708737967,0.0,0.7433252427184388,0.8570995145631033,13.015625887167644,127.97599999999997,119.8895,1.5659186097393363,8.416500193928567,6.10612244897959,10.904436860068255,2.523813552058199,5917016.1431,1.3155069904747512
688981.SH,2026-01-08,128.95,134.68,128.91,130.15,129.98,0.17,0.1308,616918.81,8145423.327,0.0013070389743717328,4.439144483766742,0.9305932531989277,-0.7924296045545478,3.485151561778736,0.030773965225413175,13.203395965508005,128.95,120.58099999999999,0.9305932531989303,7.93574443734919,3.8872924648786666,11.889614855570851,2.5075682848654686,6107595.988150001,1.3336545742062516
688981.SH,2026-01-09,129.15,130.01,127.77,128.88,130.15,-1.27,-0.9758,511274.88,6581947.276,-0.00980589257185553,1.7210910487898536,-0.20905923344948524,-0.768344218209758,0.6607760276603805,0.8528620822128309,12.873598006614367,130.16,121.2095,-0.9834050399508354,6.328299349473432,4.9255067980135125,10.80732525148309,2.529009314024178,6255467.7552000005,1.0521910644537502
688981.SH,2026-01-12,128.52,129.62,126.68,127.66,128.88,-1.22,-0.9466,563935.64,7202156.993,-0.009511259040807631,2.2811918063314693,-0.6691565515095033,-0.27932960893853603,0.8535071384233351,0.7603972687771491,12.771239272978029,129.702,121.91199999999999,-1.574378190004777,4.714876304219451,-1.7622162370142358,12.36686911363436,2.4648891207047043,6441165.25275,1.1181450421451462
688981.SH,2026-01-13,127.49,128.15,122.86,123.63,127.66,-4.03,-3.1568,652072.8,8154109.676,-0.03207724580907558,4.143819520601602,-3.027688446152639,-0.13316622277925874,0.5169982766724196,0.6031646561178099,12.504906930637192,128.06,122.25349999999999,-3.4593159456504763,1.1259391346668979,-6.227245145631077,5.847602739726021,2.5448959172750363,6512123.4383000005,1.252142984274979
688981.SH,2026-01-14,123.51,127.6,123.5,124.49,123.63,0.86,0.6956,649683.91,8155390.623,0.006932157374858794,3.316347164927602,0.7934580195935469,-0.09706381946128799,2.515570654371916,0.008088651621778789,12.552859163466122,126.96199999999999,122.82750000000001,-1.9470392715930762,1.3535242514908896,-4.223726727188792,10.158393062560833,2.4034017414796383,6723203.41215,1.213021549855503
688981.SH,2026-01-15,123.49,125.5,122.33,124.44,124.49,-0.05,-0.0402,556604.23,6895087.6,-0.00040171936425828866,2.546389268214316,0.7692930601668174,-0.80327737167644,0.8514740139770282,0.9318017511446677,12.387774343719952,125.82000000000001,123.5145,-1.0968049594659135,0.7493047375004558,-4.38724548597772,12.411924119241192,2.331947422056688,6887664.79795,1.0010776950196836
688981.SH,2026-01-16,127.5,128.82,124.88,126.99,124.44,2.55,2.0492,756512.57,9597582.828,0.020284671171505717,3.166184506589519,-0.400000000000004,2.459016393442625,1.0607521697203417,1.6955962712954031,12.686613823217769,125.44200000000001,124.19949999999999,1.234036447122966,2.246788433125735,-1.4664804469273762,12.092859034336655,2.3215012631122063,7175097.37775,1.3376240520110758
688981.SH,2026-01-19,127.05,128.5,125.12,125.29,126.99,-1.7,-1.3387,477537.02,6024303.737,-0.013477292943480646,2.6616268997558827,-1.3852813852813781,0.04724781478856782,1.1418221907236812,0.13386880856760508,12.615364850666445,124.968,124.824,0.2576659624863975,0.3733256425046516,-1.8564938116872876,11.072695035460999,2.3513145575233105,7297146.2045,0.8255698280082336
688981.SH,2026-01-20,125.0,125.5,121.81,122.18,125.29,-3.11,-2.4822,508693.59,6261665.024,-0.02513568303584042,2.945167212068,-2.2559999999999945,-0.23146300582648754,0.39907414797669405,0.29531486950275726,12.30930593011797,124.678,125.25150000000001,-2.003561173583146,-2.452266040726059,-1.1728544851573153,7.52442136759659,2.446275590404833,7454854.763599999,0.8399446028880381
688981.SH,2026-01-21,120.93,128.89,120.58,127.19,122.18,5.01,4.1005,970525.21,12294760.582,0.040186664241772245,6.801440497626443,5.176548416439255,-1.0230807006056637,1.3913897528236934,0.2864625961695928,12.66815169283444,125.218,125.5885,1.5748534555734661,1.2751963754643159,2.168848903526399,5.595682855956818,2.2454584246757623,7588474.7729,1.6201886347315948
688981.SH,2026-01-22,128.98,130.82,125.57,126.8,127.19,-0.39,-0.3066,648094.63,8268996.067,-0.00307098946026759,4.127682993946065,-1.6901845247325111,1.407343344602557,1.446654611211576,0.9670571585816526,12.758933162276008,125.69000000000001,125.93350000000001,0.8831251491765446,0.68806155629757,1.896496303439399,5.754795663052525,2.243060798880332,7710728.574100001,1.0724013934007735
688981.SH,2026-01-23,126.8,127.37,124.03,124.96,126.8,-1.84,-1.4511,490631.04,6130483.631,-0.014617355911749758,2.6340694006309175,-1.451104100946375,0.0,0.44952681388013205,0.7334384858044105,12.49509943561663,125.28399999999999,126.011,-0.2586124325532402,-0.8340541698740656,-1.5985510670131542,1.2559760149096544,2.18646956662176,7630025.297649999,0.8034683230851346
688981.SH,2026-01-26,124.01,125.88,121.9,121.92,124.96,-3.04,-2.4328,502566.5,6184618.809,-0.02462859415303968,3.1850192061459586,-1.6853479558100182,-0.7602432778489026,1.496478873239429,0.016005121638921274,12.306070557826676,124.60999999999999,125.953,-2.1587352539924387,-3.2019880431589542,-2.6897597573629195,-0.942476438089046,2.2572942916768364,7646549.1280000005,0.8088117535730296
688981.SH,2026-01-27,122.0,125.74,119.22,124.05,121.92,2.13,1.747,655261.57,8023170.134,0.017319618199473894,5.347769028871388,1.6803278688524568,0.06561679790026106,1.3861548556430427,2.280183727034122,12.244225056567869,124.984,126.05049999999999,-0.7472956538436937,-1.5870623281938445,1.530528728106062,1.5970515970515908,2.282959834230667,7800788.155700001,1.0285076294678641
688981.SH,2026-01-28,124.99,128.99,124.99,128.55,124.05,4.5,3.6276,994583.26,12644229.527,0.0356332235740885,3.2245062474808663,2.8482278582286713,0.7577589681579989,0.3546956872228922,0.0,12.7130930466294,125.256,126.353,2.6298141406399855,1.7387794512200072,1.069266451765083,4.938775510204096,2.41540537612764,8118986.123199999,1.5573655792894041
688981.SH,2026-01-29,127.6,127.81,122.16,122.4,128.55,-6.15,-4.7841,715649.35,8897091.559,-0.04902356363367277,4.395176973940105,-4.07523510971786,-0.739012057565163,0.16336056009335506,0.18669778296383435,12.432194005346334,124.376,126.20899999999999,-1.588730944876826,-3.018009809126121,-3.4700315457413144,-2.298850574712641,2.6146329438676252,8184723.349700001,1.0870363210658929
688981.SH,2026-01-30,121.33,124.94,120.07,122.97,122.4,0.57,0.4657,527719.06,6468951.529,0.00464605310613016,3.9787581699346437,1.3516854858649967,-0.8741830065359536,1.6094771241830057,1.0294117647058865,12.258324588465687,123.97800000000002,126.21599999999998,-0.8130474761651407,-2.571781707548948,-1.592509603072978,0.11397866970610515,2.579227293360509,8254034.503899999,0.7837320677474083
688981.SH,2026-02-02,121.4,122.59,116.8,117.06,122.97,-5.91,-4.8061,596690.81,7104970.929,-0.049253799321280975,4.708465479385221,-3.574958813838553,-1.2767341628039304,0.9677157030169942,0.21143368301212093,11.90729069381846,123.006,125.57149999999999,-4.833910540949216,-6.778210023771303,-3.986220472440949,-9.919199692189295,2.41769159943943,8022139.708400001,0.8856703058362806
688981.SH,2026-02-03,118.69,118.84,113.46,116.03,117.06,-1.03,-0.8799,561769.52,6500024.016,-0.00883784550362074,4.595933709208961,-2.2411323616142864,1.3924483171023367,0.12813941568426934,2.1954553220570707,11.570624223257965,121.402,124.78099999999999,-4.424968287178133,-7.013086928298373,-6.465135026199109,-11.991808252427184,2.374691828488375,7865941.998300001,0.8263503617754612
688981.SH,2026-02-04,114.5,114.99,113.15,114.84,116.03,-1.19,-1.0256,351393.47,4005035.637,-0.010308923106590888,1.5857967766956729,0.296943231441051,-1.3186244936654323,0.12927691114366238,1.1634922002930228,11.397581284023293,118.66,124.024,-3.219281982133826,-7.405018383538664,-10.665110851808635,-11.647945837821194,2.3694092873596797,7676999.9752,0.5216928031702464
688981.SH,2026-02-05,112.99,114.5,110.39,111.8,114.84,-3.04,-2.6472,446447.65,4982588.635,-0.02682829453186447,3.5788923719958197,-1.0531905478360897,-1.6109369557645494,1.314872866597009,1.2277951933124316,11.160521586349486,116.54,123.10650000000001,-4.067273039299824,-9.184324142104616,-8.660130718954251,-14.09911640414907,2.406042352839593,7518858.2406,0.6626788902728923
688981.SH,2026-02-06,110.14,114.6,110.14,112.7,111.8,0.9,0.805,408226.91,4597784.625,0.00801786032473183,3.989266547406077,2.324314508806975,-1.4847942754919468,1.6994633273702966,0.0,11.262816125962887,114.48600000000002,122.29750000000001,-1.560016071834125,-7.847666550828924,-8.351630478978612,-12.554314090626939,2.4292827839714315,7419650.108050001,0.6196767445962986
688981.SH,2026-02-09,114.8,115.07,113.7,114.93,112.7,2.23,1.9787,321018.1,3676020.764,0.01959382633493681,1.215616681455182,0.11324041811847532,1.8633540372670756,0.12422360248445993,0.9760425909494181,11.45113239409242,114.05999999999999,121.66099999999999,0.7627564439768753,-5.532586449231869,-1.8195797027165561,-9.971800093999683,2.496995401214067,7243343.296600001,0.507503319044054
688981.SH,2026-02-10,115.2,116.9,114.85,116.2,114.93,1.27,1.105,340436.51,3949080.646,0.010989597037143618,1.7836944226920832,0.8680555555555556,0.23492560689114764,0.6090663882363202,0.30453319411816626,11.600050317752347,114.09400000000001,121.2895,1.8458464073483283,-4.196158777140646,0.14651383262949125,-6.009868154978559,2.4389788328854243,7033091.845099999,0.5614999395680224
688981.SH,2026-02-11,114.0,116.14,113.5,115.01,116.2,-1.19,-1.0241,345336.73,3955491.126,-0.010293763313320764,2.2719449225473327,0.8859649122807062,-1.8932874354561127,0.972461273666089,0.4302925989672977,11.454012221636546,114.128,120.8155,0.7728164867517151,-4.805260914369425,0.14803204458377905,-7.6150694834926425,2.4330431935238264,6823096.87025,0.5797207926574652
688981.SH,2026-02-12,115.55,117.18,115.11,116.58,115.01,1.57,1.3651,333622.54,3880738.366,0.01355865151291368,1.7998434918702784,0.8913890090869764,0.46952438918354233,0.5216937657595065,0.3825754282236307,11.63212283558539,115.08399999999999,120.42249999999999,1.2999200583921455,-3.1908488862131157,4.275491949910548,-6.316297010607519,2.463084279195708,6672379.40855,0.5816123647026448
688981.SH,2026-02-13,116.23,117.98,115.56,116.93,116.58,0.35,0.3002,343687.4,4020570.46,0.0029977325348234762,2.075827757762911,0.6022541512518307,-0.30022302281694485,0.9006690684508468,0.5747126436781624,11.698335347760784,115.92999999999999,119.9195,0.862589493659982,-2.492922335399994,3.753327417923691,-7.921883612882896,2.405792209734881,6393528.79015,0.6288499812801613
688981.SH,2026-02-24,118.03,118.18,115.62,115.82,116.93,-1.11,-0.9493,276155.68,3217730.655,-0.009538203354583451,2.189344051996923,-1.8724053206811895,0.9407337723424222,0.12828187804669947,0.17104250406224975,11.651872070855106,116.10799999999999,119.446,-0.24804492369173703,-3.035681395777179,0.7743844079004525,-7.558464362678596,2.399227480252756,6253200.13605,0.5145734320015807
688981.SH,2026-02-25,117.0,117.5,115.85,116.13,115.82,0.31,0.2677,275528.56,3214693.555,0.0026729914600226953,1.4246244171991072,-0.7435897435897475,1.018822310481788,0.4317043688482128,0.24175444655500014,11.667369636744736,116.09400000000001,119.14349999999999,0.031009354488586993,-2.5293028994447853,-0.0602409638554291,-4.951710590931424,2.349777576769653,6100851.5626,0.5269253844343648
688981.SH,2026-02-26,116.13,117.23,114.29,116.65,116.13,0.52,0.4478,327021.83,3787597.479,0.004467745209772723,2.5316455696202516,0.44777404632740053,0.0,0.49944028244208927,1.5844312408507615,11.58209370609907,116.422,118.61650000000002,0.19583927436395143,-1.6578637879215874,1.4259629597426215,-8.286815001179338,2.1271064582518737,5675493.40745,0.6673600349932867
688981.SH,2026-02-27,115.03,115.87,114.32,115.0,116.65,-1.65,-1.4145,279308.78,3213704.146,-0.014245870104188953,1.3287612516073821,-0.026080153003565275,-1.3887698242606126,0.720102871838837,0.5829404200600143,11.505918811431563,116.106,118.02650000000001,-0.9525778168225529,-2.564254637729668,-1.3552925030022256,-9.305993690851732,2.138670821223458,5422728.8114,0.5926359694115535
688981.SH,2026-03-02,112.88,114.2,112.3,112.53,115.0,-2.47,-2.1478,349784.75,3952733.063,-0.02171227560134436,1.6521739130434834,-0.31006378454995953,-1.8434782608695692,1.1478260869565282,0.20000000000000348,11.300472827932035,115.226,117.405,-2.3397497092670028,-4.1522933435543585,-3.762935089369712,-9.94718309859154,2.1611297782702232,5313841.283000001,0.743856064283582
688981.SH,2026-03-03,113.23,114.75,107.69,108.31,112.53,-4.22,-3.7501,540987.0,5976584.863,-0.03822236691425991,6.273882520216834,-4.345138214254175,0.6220563405314163,1.3507509108682094,0.5509641873278277,11.047557266625631,113.724,116.72449999999999,-4.760648587809079,-7.208855039002082,-6.484199620100151,-11.163057742782156,2.2417053645723874,5303439.5857,1.126926170539407
688981.SH,2026-03-04,107.32,109.7,106.12,106.69,108.31,-1.62,-1.4957,322749.58,3470640.119,-0.01507005264427595,3.305327301264886,-0.5870294446515053,-0.9140430246514718,2.197396362293426,0.5262671960114423,10.753352859514177,111.83599999999998,115.85650000000001,-4.601380593011184,-7.911942791297866,-8.12882114871265,-13.994357114066913,2.182087249353119,5075813.08495,0.6837604263424503
688981.SH,2026-03-05,108.6,109.26,106.09,106.9,106.69,0.21,0.1968,353531.81,3803229.096,0.0019663848276297523,2.9712250445215123,-1.5653775322283507,1.7902333864467115,0.6186146780391891,0.7592089230480854,10.757812984353516,109.88600000000001,114.774,-2.7173616293249436,-6.860438775332389,-8.358336905272179,-16.841695838195257,1.9434576597827924,4633763.063399999,0.8207646882163631
688981.SH,2026-03-06,107.0,108.34,106.17,106.5,106.9,-0.4,-0.3742,340486.16,3648254.394,-0.0037488328815197965,2.029934518241349,-0.46728971962616817,0.09354536950420422,1.253507951356411,0.3086997193638899,10.714839023119177,108.186,113.979,-1.5584271532360972,-6.561735056457763,-7.391304347826089,-12.990196078431381,1.7164535996840722,4371321.205149999,0.8345884968832467
688981.SH,2026-03-09,103.97,105.79,101.63,105.14,106.5,-1.36,-1.277,393559.67,4065897.45,-0.01285218975817781,3.9061032863849867,1.1253246128690986,-2.375586854460095,0.610328638497658,2.1971830985915526,10.331082577643183,106.708,113.0875,-1.4694305956441833,-7.027744003537084,-6.567137652181643,-14.499471415792463,1.6994275554463962,4251168.5012,0.9564187937627732
688981.SH,2026-03-10,106.9,107.75,105.7,107.28,105.14,2.14,2.0354,318321.9,3400130.457,0.0201494435821212,1.9497812440555422,0.35547240411599196,1.6739585314818384,0.44702301692980684,1.1413353623739801,10.681421721219934,106.502,112.59850000000002,0.730502713564074,-4.723419938986762,-0.9509740559505153,-8.354689902614043,1.522838618907739,4065926.4776,0.8362498622963295
688981.SH,2026-03-11,107.23,108.8,107.0,107.1,107.28,-0.18,-0.1678,279982.97,3016803.608,-0.0016792615197200253,1.6778523489932857,-0.12123472908701824,-0.046607009694255366,1.4634601043996953,0.09321401938851073,10.774953948091916,106.58399999999999,112.152,0.4841251970276961,-4.504600898780231,0.3842909363576785,-7.696285443419814,1.5199448485839315,3891765.4571999996,0.7751761099628274
688981.SH,2026-03-12,107.0,108.55,104.95,106.01,107.1,-1.09,-1.0177,288819.77,3075181.737,-0.01022954816869663,3.361344537815121,-0.9252336448598082,-0.09337068160597042,1.4472455648926212,0.9897292250233449,10.647407332953696,106.40599999999999,111.7105,-0.3721594646918236,-5.102922285729628,-0.8325537885874645,-7.688958551027514,1.5197716048195458,3845272.7622,0.7997304553346153
688981.SH,2026-03-13,105.02,107.83,104.5,107.06,106.01,1.05,0.9905,341633.26,3642164.903,0.009855995680228921,3.1412130931044224,1.942487145305662,-0.9338741628148373,0.7263465710781963,0.49051976228657296,10.661037227464329,106.518,111.47350000000002,0.5088341876490432,-3.9592369486918577,0.5258215962441248,-4.239713774597487,1.4513222533806485,3778251.5755999996,0.9639815745783449
688981.SH,2026-03-16,106.31,110.32,105.5,108.6,107.06,1.54,1.4384,422554.97,4559220.659,0.01428198253459973,4.502148328040344,2.1540776973003406,-0.7005417522884364,1.6065757519148132,0.7565850924715134,10.789651010376236,107.21000000000001,111.26849999999999,1.2965208469359002,-2.398252874802842,3.2908502948449714,-3.637976929902398,1.4811560208161691,3776323.3773000003,1.2073173305035536
688981.SH,2026-03-17,108.54,108.58,105.99,106.02,108.6,-2.58,-2.3757,295718.04,3173439.587,-0.024043651940175007,2.384898710865565,-2.3217247097844207,-0.0552486187845194,0.03683241252301293,0.02762430939226624,10.731301976030952,106.958,110.82300000000001,-0.8769797490603803,-4.333937900977247,-1.1744966442953086,-7.752545027407997,1.4679466340866427,3751194.31845,0.8459811243026382
688981.SH,2026-03-18,105.78,106.88,105.25,106.6,106.02,0.58,0.5471,263345.92,2794678.901,0.005455756172084076,1.5374457649500053,0.775193798449606,-0.22637238256932174,0.2641011129975487,0.4999056781739305,10.61219745116993,106.85799999999999,110.343,-0.24144191356753053,-3.3921499324832682,-0.46685340802987696,-8.261617900172125,1.4430856149511486,3693474.2312,0.756653147162209
688981.SH,2026-03-19,105.01,107.69,104.51,105.96,106.6,-0.64,-0.6004,378655.95,4001785.717,-0.006021847327875224,2.983114446529074,0.9046757451671161,-1.4915572232645302,1.622889305816139,0.46904315196998125,10.568395180374162,106.848,109.8905,-0.8310871518418694,-3.5767423025648393,-0.047165361758338964,-7.86888096687246,1.436850807696796,3695788.96075,1.082796057756475
688981.SH,2026-03-20,105.2,105.72,102.18,102.18,105.96,-3.78,-3.5674,381294.75,3960183.826,-0.03632570050121695,3.340883352208373,-2.870722433460072,-0.7172517931294743,0.4907512268780635,0.0,10.386148317017215,105.872,109.17049999999999,-3.4872298624754383,-6.403286602149838,-4.558191668223421,-12.352032938754498,1.5378711304831985,3699761.2337500006,1.0703890266956606
688981.SH,2026-03-23,100.01,101.99,97.4,98.04,102.18,-4.14,-4.0517,506671.26,5040929.175,-0.0413604052427401,4.492072812683489,-1.9698030196980287,-2.1237032687414383,1.9377568995889505,0.626345664513604,9.949112122522994,103.75999999999999,108.22600000000003,-5.512721665381637,-9.411786446879699,-9.723756906077341,-16.154964508680404,1.6966715516904787,3750779.1695,1.3439685321895356
688981.SH,2026-03-24,98.9,99.37,97.25,99.25,98.04,1.21,1.2342,336803.26,3314641.85,0.012266360907387933,2.162382700938397,0.353892821031339,0.8771929824561397,0.12239902080783817,1.6829865361077168,9.841477929875145,102.40599999999999,107.3975,-3.0818506728121364,-7.586303219348678,-6.385587624976418,-14.306682783629764,1.7599167448834163,3755624.72925,0.882580686026619
688981.SH,2026-03-25,99.67,100.94,99.28,99.99,99.25,0.74,0.7456,321306.43,3215491.219,0.007428261420458191,1.6725440806045304,0.3210594963379083,0.4231738035264501,0.9571788413098266,0.39294710327455973,10.007553284881352,101.084,106.59049999999999,-1.0822682125756877,-6.192390503844147,-6.2007504690431485,-13.89821751485404,1.777675037469473,3755664.61245,0.8561710245213778
688981.SH,2026-03-26,99.55,99.7,96.55,96.88,99.99,-3.11,-3.1103,313198.89,3067688.006,-0.031597081742921175,3.1503150315031565,-2.6820693119035677,-0.4400440044004378,0.1500150015001557,0.33003300330032836,9.794696290271016,99.268,105.602,-2.4056090583068124,-8.259313270582002,-8.56927142317856,-16.948135447921143,1.8308260905868887,3719669.1388000003,0.8247206650722877
688981.SH,2026-03-27,96.0,98.39,95.87,97.5,96.88,0.62,0.64,280875.27,2738255.865,0.006379278758964778,2.6011560693641576,1.5625,-0.9083402146985916,0.9186622625928991,0.13418662262592432,9.749010174516254,98.33200000000001,104.727,-0.8461131676361755,-6.900799220831311,-4.580152671755733,-15.217391304347828,1.8583488012919278,3695896.72475,0.7408907956391079
688981.SH,2026-03-30,95.8,96.19,94.0,95.83,97.5,-1.67,-1.7128,328870.03,3130020.525,-0.01727658964813066,2.246153846153844,0.03131524008350849,-1.7435897435897467,0.36923076923076864,1.8461538461538431,9.517500044014348,97.89,103.89200000000001,-2.1044029012156518,-7.7599815192700206,-2.2541819665442775,-14.840486981249445,1.8443029224871719,3654761.09785,0.8564227431558546
688981.SH,2026-03-31,95.8,97.4,94.0,94.05,95.83,-1.78,-1.8575,293839.03,2809492.923,-0.01874923260863142,3.5479494938954454,-1.826722338204593,-0.0313054367108433,1.6696232912449218,0.052175727851400566,9.561333370178902,96.85,103.179,-2.891068662880736,-8.847730642863382,-5.239294710327458,-13.16591265811098,1.7290369354369646,3496406.5008500004,0.8035372667099758
688981.SH,2026-04-01,96.4,96.7,94.81,96.33,94.05,2.28,2.4242,325648.08,3121615.312,0.023953241022492796,2.0095693779904313,-0.07261410788382508,2.4986709197235606,0.31897926634768436,1.616161616161612,9.585855110830071,96.118,102.66100000000002,0.220562225597698,-6.1668988223376076,-3.6603660366036572,-9.710375855281661,1.8506734578682111,3478955.2605000003,0.8972852705071456
688981.SH,2026-04-02,95.5,95.79,92.51,93.2,96.33,-3.13,-3.2492,293828.32,2760191.974,-0.03303207507798674,3.404962109415552,-2.4083769633507823,-0.861621509394787,0.3010484791861375,0.7162877608221714,9.393893597458543,95.38199999999999,101.976,-2.28764337086661,-8.605946497215022,-3.798513625103217,-12.815715622076706,1.9412667856121784,3426803.4044,0.8054713528228453
688981.SH,2026-04-03,93.41,93.94,91.76,91.78,93.2,-1.42,-1.5236,216461.63,2004261.621,-0.01535331272485804,2.3390557939914083,-1.7449951825286323,0.22532188841201042,0.5686695278969969,0.021459227467806888,9.259200445824971,94.238,101.24,-2.6082896496105623,-9.34413275385223,-5.8666666666666645,-13.82159624413145,1.9491923712885446,3344603.76575,0.5992523364125798
688981.SH,2026-04-07,91.5,96.99,91.2,95.62,91.78,3.84,4.1839,458242.31,4340589.11,0.04098759423126989,6.308563957289161,4.5027322404371635,-0.3050773589017228,1.4926999346262697,0.32686859882326996,9.47225739587425,94.196,100.764,1.5117414752218838,-5.104997816680557,-0.21913805697588717,-9.05459387483355,2.2297627804910425,3358338.3487500004,1.2924811794545958
688981.SH,2026-04-08,99.02,101.54,99.02,101.18,95.62,5.56,5.8147,544697.12,5458085.866,0.05651910566583272,2.6354319180087953,2.1813774994950625,3.5557414766785103,0.37649027400125434,0.0,10.020405222630883,95.622,100.45899999999999,5.812469933697284,0.7177057306961165,7.581073896863377,-5.686055182699468,2.5835321736916663,3461236.1192,1.5769180945856809
688981.SH,2026-04-09,99.4,101.2,99.2,99.72,101.18,-1.46,-1.443,310716.53,3111335.889,-0.014534850208432957,1.9766752322593395,0.32193158953721646,-1.7592409567108134,1.4627396718719152,0.19766752322593678,10.013422488336877,96.3,100.09,3.5514018691588767,-0.36966729943052057,3.519152911865464,-6.890756302521006,2.596818257685231,3465962.7332500005,0.8976830186753133
688981.SH,2026-04-10,101.0,102.79,100.68,101.01,99.72,1.29,1.2936,406305.14,4130861.809,0.01285326318573571,2.115924588848776,0.009900990099014967,1.283594063377458,1.7849979943842769,0.3208985158443574,10.166895277278549,97.86200000000001,99.84,3.2167746418426013,1.171875,8.379828326180249,-4.716536175832465,2.615707753493153,3518746.73685,1.1739582635316257
688981.SH,2026-04-13,99.85,102.8,99.72,100.64,101.01,-0.37,-0.3663,351885.22,3554994.262,-0.003669728888962513,3.0492030492030473,0.7911867801702617,-1.148401148401159,2.1384021384021348,0.12870012870012418,10.102709804066224,99.634,99.519,1.009695485476847,1.1264180709211313,9.653519285247336,-5.996637399589022,2.600512025675751,3514388.2048,1.0115542321547004
688981.SH,2026-04-14,102.1,102.28,100.38,101.52,100.64,0.88,0.8744,370910.59,3760621.304,0.008706030454001791,1.8879173290938054,-0.568070519098921,1.4507154213036504,0.1788553259141562,1.1327503974562803,10.138889008264767,100.814,99.16499999999999,0.700299561568829,2.3748298290727554,6.170257268353896,-6.519337016574589,2.5839385221422186,3474458.2370500006,1.082361924486094
688981.SH,2026-04-15,102.05,106.1,101.8,103.91,101.52,2.39,2.3542,704839.0,7336887.912,0.023269316458423072,4.235618597320722,1.8226359627633508,0.5220646178092998,2.157210401891251,0.24625689519306543,10.40931037016964,101.35999999999999,99.0595,2.5157853196527302,4.896552072239402,2.6981616920339846,-1.9901905300886646,2.600840658482518,3682630.6533,1.9922953461068449
688981.SH,2026-04-16,103.5,105.0,103.0,104.18,103.91,0.27,0.2598,393721.35,4092706.42,0.0025950324524901323,1.92474256568184,0.657004830917881,-0.3945722259647739,0.7891444519295479,0.48118564142046,10.394931389928436,102.252,98.9385,1.8855376911943056,5.297735461928377,4.472523064580836,-2.2701688555346933,2.5980534447320744,3747532.0292500006,1.0921071222489538
688981.SH,2026-04-17,103.82,107.3,103.27,105.23,104.18,1.05,1.0079,503755.27,5313222.52,0.010028258435675353,3.868304856978308,1.3581198227701896,-0.3455557688615988,1.9869456709541111,0.5279324246496421,10.547229649825796,103.096,98.902,2.0699154186389457,6.398252815918792,4.177804177804179,-0.6889392223480506,2.6060697868579177,3813103.8693999997,1.3934114312065795
688981.SH,2026-04-20,105.93,108.6,105.01,107.96,105.23,2.73,2.5943,547702.62,5872447.693,0.025612357397082994,3.4115746460134835,1.9163598602850815,0.6652095410054194,0.6081915803478101,0.8742753967499779,10.72196385147838,104.55999999999999,99.191,3.251721499617455,8.840519805224245,7.273449920508734,5.656684282638458,2.525412884554459,3908717.0627499996,1.502397742974112
688981.SH,2026-04-21,107.33,108.15,105.68,107.46,107.96,-0.5,-0.4631,372584.25,3976054.595,-0.0046421028491285075,2.2878844016302327,0.12112177396813141,-0.5835494627639825,0.6391256020748536,1.5283438310485287,10.671558432757156,105.748,99.662,1.6189431478609517,7.824446629608062,5.85106382978724,9.60832313341491,2.3185440630070526,3855473.3337499998,1.0312753456740207
688981.SH,2026-04-22,106.8,108.08,106.5,107.87,107.46,0.41,0.3815,375216.74,4023321.89,0.00380811308666234,1.4703145356411673,1.001872659176037,-0.614182021217194,0.195421552205466,0.27917364600781425,10.722660961235366,106.54,100.09299999999999,1.2483574244415152,7.769774110077643,3.810990280050053,8.685138539042825,2.3118735496914935,3890907.33575,1.0340317933129282
688981.SH,2026-04-23,108.88,109.12,105.2,105.98,107.87,-1.89,-1.7521,441491.01,4724880.091,-0.01767640132272169,3.634003893575602,-2.663482733284342,0.9363122276814598,0.2224900343005554,0.7230926114767786,10.702098081227067,106.9,100.3925,-0.8606173994387345,5.565654804890818,1.7277788443079256,5.990599059905999,2.3615614433318406,3966376.7793500004,1.1912332977540023
688981.SH,2026-04-24,105.58,113.25,104.61,110.96,105.98,4.98,4.699,910703.63,9980491.748,0.045919378941960076,8.152481600301945,5.0956620572078,-0.37742970371768797,2.1607850537837385,0.9152670315153791,10.959099556899757,108.046,101.0965,2.696999426170321,9.756519760822568,5.445215242801482,14.533443435177528,2.410071838736018,4312016.96645,2.314576177611088
688981.SH,2026-04-27,113.25,117.69,112.6,116.58,110.96,5.62,5.0649,970295.86,11249548.325,0.04940795661082771,4.5872386445566,2.9403973509933756,2.063806777217021,1.0003604902667624,0.5857966834895509,11.593936229924756,109.76999999999998,102.05050000000001,6.203880841760068,14.237558855664577,7.984438680992967,19.56923076923076,2.5991849931934614,4737581.58945,2.3745339499907154
688981.SH,2026-04-28,115.24,117.64,113.02,114.0,116.58,-2.58,-2.2131,625007.3,7209850.228,-0.022379284222908302,3.96294390118374,-1.0760152724748306,-1.1494252873563249,2.058672156459089,0.8406244638874627,11.535625628692657,111.078,102.95899999999999,2.630583914006368,10.723686127487642,6.085985482970413,18.96065950120005,2.628196302224456,4941573.074599999,1.4590192473443508
688981.SH,2026-04-29,113.35,113.82,109.78,112.47,114.0,-1.53,-1.3421,514882.54,5750212.698,-0.013511928978565166,3.5438596491228,-0.7763564181737941,-0.5701754385964962,0.412280701754385,2.3596491228070158,11.168008722921543,111.998,103.88,0.4214360970731468,8.269156719291493,4.264392324093813,19.585326953748016,2.602088932392384,5088609.06335,1.1300165971512939
688981.SH,2026-04-30,113.31,119.88,113.3,118.73,112.47,6.26,5.5659,1018382.85,11911527.206,0.0541654882617705,5.850449008624521,4.7833377460065325,0.7468658308882399,1.0224948875255548,0.008891259891531179,11.696511980734947,114.548,105.0,3.650871250480159,13.076190476190487,12.030571806001134,23.253399771618398,2.7854123957352845,5528104.658049999,2.1547217252217705
688981.SH,2026-05-06,122.0,128.12,121.74,123.1,118.73,4.37,3.6806,1292940.51,16176667.799,0.03614502551270679,5.373536595637168,0.9016393442622904,2.754148067042867,4.228080518824232,0.2189842499789481,12.511532954443512,116.976,106.495,5.235261934071933,15.592281327761848,10.940879596250896,32.08154506437768,2.6450931475191233,6198928.4493,2.60959098516885
688981.SH,2026-05-07,125.11,127.48,122.22,125.34,123.1,2.24,1.8197,842774.03,10482928.52,0.018033011606121703,4.272948822095861,0.1838382223643226,1.632818846466292,1.7384240454914708,2.3476848090982947,12.438599371648886,118.728,108.173,5.569031736405905,15.869949063074884,7.51415337107566,36.565700588363484,2.552389970261101,6622861.794249999,1.5828396916120655
688981.SH,2026-05-08,122.9,123.19,120.05,120.31,125.34,-5.03,-4.0131,708618.1,8595731.864,-0.04095829975109626,2.505185894367321,-2.1074043938161133,-1.9467049625019928,0.23137067177277168,0.20743577469283955,12.130274211172422,119.99000000000001,109.4075,0.26668889074088487,9.965038959851924,5.535087719298248,25.820957958586078,2.765026488742442,6835618.93195,1.257491377089959
688981.SH,2026-05-11,122.99,124.57,121.9,122.52,120.31,2.21,1.8369,814859.72,10017304.327,0.018202536919141234,2.219266893857524,-0.3821448898284404,2.227578754883212,1.3132740420580153,0.5153353835923783,12.293286907101017,122.0,110.47449999999999,0.42622950819670713,10.903421151487457,8.935716190984255,21.091124728207134,2.549598356083188,7063579.8549999995,1.4181625369336184
688981.SH,2026-05-12,124.44,125.44,120.0,121.98,122.52,-0.54,-0.4407,817732.34,10018643.228,-0.004417185096264168,4.4400914136467495,-1.9768563162970056,1.5670910871694432,0.8161932745674175,1.6160626836434901,12.251739032358682,122.65,111.5875,-0.5462698736241389,9.313319144169373,2.7373031247367896,22.3225030084236,2.508740172592398,7408945.22195,1.3522361048531466
688981.SH,2026-05-13,119.0,122.5,116.04,121.86,121.98,-0.12,-0.0984,954951.48,11374279.337,-0.0009842520479620307,5.295950155763235,2.4033613445378146,-2.443023446466637,0.5246761764223647,2.4266273159534295,11.910845289228726,122.402,112.63,-0.44280322216957435,8.194974695906954,-1.0073111291632797,20.64152064152063,2.5206766056797214,7771116.098349999,1.463660971351984
688981.SH,2026-05-14,121.92,124.04,117.0,117.9,121.86,-3.96,-3.2496,790650.15,9451219.953,-0.03303603727702301,5.7771212867224735,-3.297244094488186,0.04923682914820472,1.739701296569838,0.7385524372230475,11.953731941997354,120.91400000000002,113.49300000000001,-2.4926807483004576,3.88305886706668,-5.935854475825753,17.150238473767885,2.6787716170456677,8065927.3829,1.1717462238795828
688981.SH,2026-05-15,121.0,125.0,118.48,119.02,117.9,1.12,0.95,1328100.54,16152497.227,0.009454738673380628,5.530110262934687,-1.6363636363636396,2.6293469041560593,3.3927056827820183,0.4580152671755658,12.162104253793919,120.65599999999999,114.36800000000001,-1.3559209653892013,4.067571348628984,-1.0722300723131961,17.237982663514572,2.6788933620305917,8685521.17905,1.8597038558792298
688981.SH,2026-05-18,117.4,120.34,115.6,117.62,119.02,-1.4,-1.1763,748969.19,8855418.364,-0.011832457184895997,3.9825239455553767,0.18739352640545048,-1.3611157788606876,2.285330196605612,1.5123508654007827,11.823474826781593,119.676,115.05350000000001,-1.7179718573481662,2.230701369362942,-3.9993470453803415,13.194110287749016,2.6896170772259107,8761447.70165,1.010725472039547
688981.SH,2026-05-19,116.16,118.88,112.68,118.82,117.62,1.2,1.0202,840269.78,9713877.346,0.010150653895785419,5.2712123788471255,2.2899449035812642,-1.2412854956640094,0.05101173269852259,2.9586804965141895,11.560426873854729,119.04400000000001,115.7855,-0.18816572023790945,2.620794486356237,-2.5905886210854323,14.0526012670378,2.689102036896721,9042506.24795,1.0742461304024207
688981.SH,2026-05-20,118.0,136.63,117.5,133.81,118.82,14.99,12.6157,2248800.56,28996720.135,0.11881114038930214,16.099983167816863,13.398305084745765,-0.6901195085002467,2.373337821915497,0.4208045783538126,12.89430492448828,121.43400000000001,117.2145,10.191544378016037,14.158231276847143,9.806335138683743,27.159555259906874,3.7884470787270845,10226681.1287,2.835398871841624
688981.SH,2026-05-21,134.0,137.63,127.1,127.22,133.81,-6.59,-4.9249,1546776.71,20601829.525,-0.0505030120662393,7.869367012928781,-5.0597014925373145,0.1419923772513248,2.7128017338016557,0.08967939615873594,13.319200755873807,123.298,118.17749999999998,3.1809112880987422,7.651625732478706,7.905004240882096,17.839940718784742,4.016745836396737,10963150.2203,1.8791888381546087
688981.SH,2026-05-22,129.33,132.18,126.5,131.33,127.22,4.11,3.2306,1199477.88,15516843.653,0.03179536834641052,4.464706807105806,1.546431609062089,1.6585442540481161,0.6681339412042087,2.2244930042446254,12.93633164206413,125.75999999999999,119.37100000000001,4.429071246819349,10.018346164478809,10.342799529490865,22.21291643402199,4.03573892252903,11540189.6732,1.3445917348338787
688981.SH,2026-05-25,136.0,157.6,136.0,156.0,131.33,24.67,18.7847,2521802.26,37253708.024,0.1721427676524684,16.447117947156013,14.705882352941178,3.5559278154267777,1.2183050331226637,0.0,14.772652326832318,133.436,121.77749999999999,16.909979315926726,28.10248198558849,32.6305050161537,44.618522295355525,5.644701895021374,13201708.979899999,2.821885263545795
688981.SH,2026-05-26,150.73,154.44,145.5,149.18,156.0,-6.82,-4.3718,1799242.41,26787296.677,-0.04470237672251979,5.73076923076923,-1.0283287998407635,-3.378205128205135,2.378205128205133,2.358974358974363,14.888097639383679,139.508,123.9375,6.932935745620328,20.367120524457903,25.551253997643506,40.76240800150972,5.765524295682506,14304829.8092,1.8726050595703023
688981.SH,2026-05-27,150.0,153.52,145.0,146.22,149.18,-2.96,-1.9842,1234983.75,18473692.356,-0.020041293661847346,5.7112213433436185,-2.520000000000001,0.5496715377396387,2.3595656254189636,0.817803995173615,14.958652173358555,141.99,125.70049999999999,2.979083034016483,16.324119633573453,9.274344219415575,31.7772170151406,5.7866817417693115,14729489.8396,1.254197705227629
688981.SH,2026-05-28,146.0,159.05,146.0,153.7,146.22,7.48,5.1156,1608231.75,24822318.598,0.04989031367938016,8.924907673368903,5.273972602739718,-0.15045821365066261,3.6588701955956933,0.0,15.434540822863372,147.286,127.5565,4.354792716211997,20.495623508014084,20.814337368338307,31.840796019900488,5.788319095182805,15408128.35325,1.6109885658347523
688981.SH,2026-05-29,150.92,152.38,138.49,139.91,153.7,-13.79,-8.972,1536812.64,22138462.395,-0.09400329179935556,9.037085230969414,-7.295255764643514,-1.8087182823682508,0.9499024072869279,0.9238776837996016,14.40544007693742,149.002,128.852,-6.101931517697756,8.581938968739333,6.533160740120292,22.728070175438585,6.201545739011575,16154558.9616,1.3704157722673806
688981.SH,2026-06-01,139.76,140.8,132.04,132.44,139.91,-7.47,-5.3391,1008849.14,13645017.172,-0.05486964606614899,6.261167893645929,-5.237550085861472,-0.10721177900079029,0.7433350010721324,0.285898077335434,13.525329636500459,144.29,129.8505,-8.21262734770254,1.9942164258127448,-15.10256410256411,17.75584600337867,6.350473183439084,16549299.185299998,0.8245072506828723
688981.SH,2026-06-02,132.98,135.5,129.3,132.48,132.44,0.04,0.0302,923688.2,12256037.221,0.00030197795790401033,4.681365146481417,-0.37599639043465183,0.4077318030806343,1.9027484143763291,2.4010872848081988,13.268586976644285,140.95,130.538,-6.0092231287690705,1.4876894084481007,-11.19453009786836,11.580897835424908,6.261116941339745,16566524.686050002,0.7398073798375052
688981.SH,2026-06-03,132.0,138.75,131.85,134.0,132.48,1.52,1.1473,992127.45,13487781.965,0.011408109313961967,5.2083333333333375,1.5151515151515151,-0.36231884057970243,3.5854468599033815,0.11322463768116371,13.594807768901063,138.506,131.08300000000003,-3.2532886661949645,2.225307629517159,-8.357269867323215,8.854589764419174,6.223705019173402,16432080.394349998,0.8208201056293295
688981.SH,2026-06-04,131.0,137.57,130.0,134.88,134.0,0.88,0.6567,778526.88,10493292.686,0.006545694302634002,5.649253731343278,2.961832061068699,-2.2388059701492535,2.0074626865671625,0.7462686567164178,13.478394844889621,134.74200000000002,131.56,0.10241795431267242,2.523563393128603,-12.244632400780741,7.611297271421735,6.217129412645272,16432598.602650002,0.6385656304114798
688981.SH,2026-06-05,131.0,134.75,126.7,127.4,134.88,-7.48,-5.5457,934574.33,12150117.807,-0.05705375111548231,5.96826809015421,-2.748091603053431,-2.8766310794780514,2.780249110320285,0.5189798339264553,13.000697127001125,132.23999999999998,131.9145,-3.6600120992135277,-3.4222924697436596,-8.941462368665565,5.893109467209712,6.285285968070271,16610317.899799999,0.7314801486819404
688981.SH,2026-06-08,120.0,124.28,120.0,121.92,127.4,-5.48,-4.3014,781225.59,9545783.582,-0.04396665119972687,3.359497645211932,1.6000000000000014,-5.8084772370486695,1.8524332810047088,0.0,12.218984764695177,130.136,131.8845,-6.313395217311113,-7.555474676705753,-7.943219571126548,-0.48971596474044476,6.364105810714784,16586741.86255,0.5755068512612915
688981.SH,2026-06-09,123.5,128.03,120.89,127.3,121.92,5.38,4.4127,769662.77,9607775.526,0.04318141362502465,5.856299212598426,3.076923076923075,1.2959317585301822,0.5987532808398982,2.1407480314960625,12.483097663668985,129.1,132.15050000000002,-1.3942680092951187,-3.67043635854577,-3.9100241545893644,4.361370716510904,6.432269086433609,16566198.477449998,0.5799625990886297
688981.SH,2026-06-10,125.0,131.18,124.5,125.34,127.3,-1.96,-1.5397,669094.14,8511488.618,-0.01551646076683134,5.2474469756480815,0.2720000000000027,-1.8067556952081676,4.5875883739198775,0.3927729772191673,12.720913409882801,127.36799999999998,132.3245,-1.5922366685509504,-5.278312028384768,-6.4626865671641776,2.855736090595773,6.446205884859713,16423058.941499999,0.5182645113993973
688981.SH,2026-06-11,124.0,129.08,123.01,127.4,125.34,2.06,1.6435,626275.99,7935636.355,0.01630169834153357,4.8428275091750494,2.7419354838709724,-1.0690920695707702,1.3403542364767884,0.7898516036381001,12.671148953035866,125.872,132.7995,1.2139316130672428,-4.0659038625898365,-5.545670225385524,8.057675996607294,6.395938358831617,16347279.761599999,0.4854407871357856
688981.SH,2026-06-12,131.64,134.87,124.37,124.88,127.4,-2.52,-1.978,817437.29,10575818.607,-0.01997846693088639,8.241758241758241,-5.1352172591917284,3.3281004709575983,2.5353218210361206,0.40031397174253597,12.937773620530573,125.36800000000001,133.0925,-0.38925403611768106,-6.1705205026579275,-1.978021978021982,4.923542261804736,6.420309149752427,16068445.830600003,0.6581730877083273
688981.SH,2026-06-15,128.59,131.0,124.89,130.52,124.88,5.64,4.5163,728604.09,9404695.623,0.04417319551794339,4.892696989109544,1.500894315265578,2.970852017937226,0.3843689942344569,2.962844330557337,12.907827106762467,127.08800000000001,133.7375,2.7004909983633363,-2.4058323207776455,7.053805774278232,10.967522530181938,6.471506747539352,16095909.69355,0.5842910280969504
688981.SH,2026-06-16,131.0,134.34,127.93,130.14,130.52,-0.38,-0.2911,745583.01,9738547.521,-0.0029156776582820393,4.91112473184186,-0.656488549618331,0.36775973030952325,2.5589947900704897,1.6932270916334504,13.061654289842254,127.65599999999999,134.30349999999999,1.9458544839255465,-3.1000681292743693,2.2309505106048677,9.527015653930304,6.474849251413218,16097143.202300001,0.6049860772567726
688981.SH,2026-06-17,127.91,134.88,126.68,134.7,130.14,4.56,3.5039,963562.12,12699097.858,0.03443928934948039,6.300906715844468,5.308419982800401,-1.7135392654064778,0.13831258644537178,0.9451360073766636,13.179324502710836,129.528,134.348,3.992959051324818,0.2620061333253654,7.467687888942076,0.6651221881772473,5.881635602592548,15282262.08845,0.8309697729629765
688981.SH,2026-06-18,136.11,144.63,132.88,140.7,134.7,6.0,4.4543,1244937.14,17289251.566,0.043579880704025166,8.723088344469192,3.372272426713669,1.0467706013363216,2.9175946547884237,2.397921306607289,13.887650235898658,132.18800000000002,135.022,6.439313704723548,4.2052406274533105,10.439560439560424,10.595818267567992,5.826024623721609,15116633.1905,1.1437236948281164
688981.SH,2026-06-22,140.78,148.0,140.0,145.59,140.7,4.89,3.4755,1060960.58,15251149.626,0.0341644879648912,5.68585643212509,3.416678505469529,0.05685856432125978,1.7128642501776807,0.554371002132197,14.374850407731453,136.32999999999998,135.735,6.792342111054084,7.260470770250849,16.583920563741206,10.858143607705761,5.831969147567929,15103348.489149999,1.0097859846746025
688981.SH,2026-06-23,143.58,148.3,139.6,141.7,145.59,-3.89,-2.6719,918201.09,13211881.994,-0.027082305388599875,5.975685143210397,-1.3093745647026211,-1.3805893261899793,3.2419809052819555,1.442406758705951,14.388876399613075,138.56599999999997,135.02,2.2617380887086425,4.9474151977484615,8.565737051792821,-9.166666666666679,4.014906777114637,13901257.18765,0.9504091475796558
688981.SH,2026-06-24,141.5,156.35,141.32,151.53,141.7,9.83,6.9372,1411623.83,21160854.009,0.06707147845143628,10.606916019760058,7.0883392226148425,-0.14114326040930744,3.401552575864498,0.12702893436838872,14.990434108072543,142.844,135.1375,6.080759429867544,12.130237720839897,16.43614568925773,1.575278187424578,4.217623917684731,13619935.054250002,1.553667761609253
688981.SH,2026-06-25,152.0,158.66,151.0,156.86,151.53,5.33,3.5175,1186102.37,18470621.628,0.03457006263644966,5.055104599749223,3.1973684210526403,0.3101696033788681,1.1878835874084228,0.6599353263380189,15.572535807343506,147.276,135.6695,6.507509709660764,15.619206969879018,16.451373422420225,7.276706332923011,4.249469869462975,13619781.51785,1.3561613748203316
688981.SH,2026-06-26,153.7,156.22,146.5,148.76,156.86,-8.1,-5.1638,1076155.43,16171921.139,-0.05301941872765128,6.19660844064771,-3.2140533506831477,-2.0145352543669675,1.6065281142420056,1.4407752135662315,15.027495739161026,148.888,135.42249999999999,-0.08597066251142538,9.848806512950215,5.7285003553660285,-3.2140533506831437,4.275578983335103,13187261.6449,1.2263289812903864
688981.SH,2026-06-29,147.8,152.99,141.0,151.0,148.76,2.24,1.5058,1027401.01,15158412.01,0.014945567758055,8.059962355471907,2.165087956698233,-0.6453347674105805,1.3377251949448838,4.571121269158384,14.754133841079248,149.97,135.977,0.6868040274721654,11.048191973642595,3.7159145545710537,7.926524194124807,3.735970284298028,12838259.12565,1.1807217677757016
688981.SH,2026-06-30,152.05,160.66,150.0,158.82,151.0,7.82,5.1788,1066795.41,16679545.014,0.05049164865214049,7.05960264900662,4.452482735942112,0.6953642384106036,1.2185430463576181,1.3576158940397427,15.635186332494627,153.394,137.296,3.537296113276911,15.677077263722182,12.081863091037404,19.91845363938387,3.616773120436298,12989985.517749999,1.2840310707974578
688981.SH,2026-07-01,160.19,166.88,152.31,154.48,158.82,-4.34,-2.7327,1146777.18,18327904.135,-0.027706847346805927,9.173907568316329,-3.5645171359011227,0.8626117617428564,4.212315829240649,1.3663266591109355,15.982097005976351,153.98399999999998,138.396,0.3221113881961779,11.621723171189924,1.9468092126971426,16.60628019323671,3.7063908666262546,13293578.86345,1.3787035322287526
688981.SH,2026-07-02,146.5,151.69,141.26,144.1,154.48,-10.38,-6.7193,949023.64,13942694.264,-0.06955713511478255,6.751683065769036,-1.6382252559727002,-5.165717244950796,3.3596582081822874,1.8384256861729695,14.691619551226353,151.432,138.901,-4.841777167309413,3.7429536144448106,-8.134642356241251,7.537313432835813,4.071110692376092,13316324.4784,1.0470377382750033
